DOS,lesion_length,lumen_axial_skewness,lipid_length_ratio,alpha,PI,d_fc_ca,fraction,ca_axial_skewness,ca_shoulder_skewness,ca_strength_ratio,fc_av_th,SBP,PP,tau,DBP,E_vessel,E_fc,E_lipid,E_cal
0.4767,1.6932,0.417,0.7298,156.7,1.022,0.0079,0.2698,0.3292,0.5611,2.3442,0.01,160.82,66.59,0.14879,94.23,13794939,19837661,878370,143396539569
0.2748,2.1418,0.361,0.7955,234.6,0.999,0.0179,0.6414,0.1019,0.1057,0.8837,0.01,111.98,64.18,0.31781,47.8,2948776,16008463,391386,202666986374
0.3986,2.8296,0.2091,0.6557,136.6,0.949,0.0151,0.5858,0.5562,0.6877,1.4736,0.01,152.23,52.03,0.11743,100.2,11437335,6176443,134373,241998796108
0.3425,2.4517,-0.0378,0.7734,229.8,0.949,0.0051,0.1222,0.4633,0.6598,0.6529,0.01,137.93,62.74,0.25302,75.19,13198630,6435368,996591,205961780991
0.2767,2.5255,0.0528,0.5453,181.4,1.101,0.0073,0.7462,0.7078,0.1791,0.2889,0.01,105.79,39.44,0.33366,66.35,9429790,14714787,621991,57633505551
0.6554,1.1386,-0.0311,0.5793,225.5,1.193,0.0085,0.3084,0.1477,0.3882,0.8024,0.01,159.87,49.07,0.17913,110.8,2732145,20561264,775299,97421971568
0.4162,2.9399,-0.3643,0.7446,121.9,1.144,0.0058,0.3224,0.3714,0.6228,1.7313,0.01,169.9,47.63,0.07533,122.27,3901881,20944302,840148,150359355685
0.6097,1.8143,-0.4311,0.5149,221.0,1.01,0.0099,0.2207,0.0834,0.7693,0.2852,0.01,107.44,35.73,0.46434,71.71,6977994,4956022,687413,190958895135
0.7149,2.7053,0.3414,0.587,242.7,1.001,0.008,0.5812,0.1651,0.6253,0.2131,0.01,109.05,64.14,0.33459,44.91,12162764,15487961,849055,103667958460
0.5476,1.0993,0.1346,0.7555,191.2,1.037,0.008,0.1069,0.6736,0.5719,0.3651,0.01,168.93,39.27,0.19109,129.66,10345311,12407962,227575,144375235199
0.4356,2.4861,-0.3801,0.6254,209.6,0.901,0.0086,0.5593,0.5347,0.4516,0.8152,0.01,144.03,66.13,0.17303,77.9,5557317,16543179,945847,221250094906
0.3175,2.721,-0.4659,0.6848,213.0,1.062,0.0141,0.5631,0.1791,0.705,4.7446,0.01,135.11,43.83,0.38232,91.28,8867181,10634709,210586,127943936271
0.7203,1.1402,0.0619,0.7383,167.6,1.182,0.0053,0.4949,0.3594,0.3856,0.9627,0.01,128.83,45.96,0.18535,82.87,7803128,8975345,444412,186575210968
0.4094,1.5752,0.4735,0.706,131.6,1.009,0.0134,0.2128,0.4464,0.589,1.1494,0.01,149.66,56.54,0.10306,93.12,2419770,4120368,158792,95019282845
0.3458,2.9764,0.055,0.5953,200.3,1.053,0.0088,0.288,0.1364,0.7362,2.4116,0.01,135.26,61.55,0.33743,73.71,10783034,12881194,406852,133818169192
0.3102,2.3809,0.0049,0.6881,266.3,1.145,0.0076,0.1383,0.4183,0.4186,0.469,0.01,109.46,64.77,0.31762,44.69,7010311,21471049,720260,107416105278
0.6671,2.431,0.2212,0.7256,217.2,1.013,0.0093,0.7067,0.3327,0.1154,3.3613,0.01,108.91,48.02,0.03576,60.89,6789749,8815482,592556,52853140126
0.6323,2.9447,-0.2377,0.6668,248.6,1.144,0.0199,0.4708,0.7935,0.4908,0.2815,0.01,128.25,70.73,0.02642,57.52,3963599,17329702,969098,232404727540
0.5556,1.0404,0.4527,0.6911,176.6,1.009,0.0073,0.2847,0.6912,0.4453,4.4765,0.01,154.73,64.07,0.10674,90.66,6357906,15224555,449502,102673623714
0.584,2.0013,-0.3026,0.7659,237.4,0.972,0.0157,0.79,0.2488,0.393,6.7285,0.01,147.92,78.39,0.02858,69.53,6040183,19377424,790559,28436512735
0.5421,2.9558,-0.4482,0.5524,136.9,1.158,0.0132,0.4201,0.2298,0.7272,3.5788,0.01,135.81,66.44,0.20241,69.37,7725364,18413279,691304,50942425580
0.3793,1.4861,0.1687,0.714,249.7,1.073,0.0181,0.61,0.6349,0.2534,0.5294,0.01,151.95,77.74,0.08862,74.21,7304705,14220289,997305,88778763833
0.5294,1.4509,0.3169,0.783,187.0,0.993,0.0107,0.1324,0.1405,0.1318,4.6028,0.01,146.78,62.64,0.35589,84.14,11176903,12426480,123699,73169794149
0.3061,2.6387,0.0256,0.7986,161.3,0.921,0.0136,0.1479,0.6108,0.3457,1.1806,0.01,149.18,51.48,0.42757,97.7,4270200,9806761,222552,165768841330
0.6897,1.6847,0.0328,0.7371,196.7,1.055,0.0076,0.4034,0.3028,0.49,0.3387,0.01,139.11,44.18,0.07705,94.93,3244296,13593335,679123,32281258868
0.6543,1.0582,-0.3473,0.5788,221.4,1.026,0.0078,0.1714,0.0107,0.1617,0.2511,0.01,165.26,68.98,0.20654,96.28,8853188,11624706,445337,87197490140
0.2978,2.1377,0.2545,0.6862,172.0,1.073,0.0147,0.6926,0.6152,0.0989,4.2102,0.01,140.57,66.32,0.49326,74.25,1210876,14246379,504555,160266845300
0.2507,1.6244,0.1307,0.689,206.1,1.116,0.0126,0.1292,0.267,0.2332,0.4452,0.01,124.93,66.36,0.26667,58.57,1323747,20702851,425349,100019825702
0.4656,1.5299,-0.3608,0.5576,219.8,1.069,0.0123,0.5607,0.1313,0.5578,0.6313,0.01,155.88,46.25,0.09305,109.63,11552023,4007995,952305,232538842729
0.5142,1.8294,-0.2271,0.7181,212.1,1.051,0.0082,0.7352,0.3131,0.4004,1.5774,0.01,124.52,48.49,0.43311,76.03,8400139,18768330,982742,207565563952
0.2687,2.6345,0.3089,0.781,233.0,1.151,0.0069,0.5398,0.3535,0.7329,0.2003,0.01,130.33,76.64,0.07168,53.69,9507407,12955653,434626,167278958801
0.64,2.6231,0.0961,0.7922,160.9,1.002,0.0152,0.7272,0.0231,0.0302,1.3474,0.01,132.73,71.15,0.41574,61.58,2455459,14744614,270043,241459880622
0.298,2.0163,0.363,0.6147,188.7,1.035,0.0198,0.1359,0.0513,0.6762,2.2835,0.01,153.65,39.41,0.28776,114.24,3520656,9346835,192981,43711195811
0.3713,2.4656,0.1457,0.736,134.0,1.136,0.0147,0.6078,0.6422,0.4955,1.1862,0.01,117.93,50.68,0.49864,67.25,2175446,21568409,811315,245134458659
0.6354,2.6663,-0.3505,0.558,254.4,0.976,0.0186,0.3603,0.1953,0.6702,2.9597,0.01,103.41,45.69,0.08663,57.72,4354539,15067836,255735,73804896610
0.3123,1.2933,-0.4849,0.6404,125.1,1.145,0.0196,0.567,0.238,0.3159,0.2575,0.01,117.26,58.33,0.4344,58.93,1994673,18791677,990162,42582070083
0.4219,2.7812,-0.1939,0.5675,127.1,1.185,0.0063,0.6493,0.3207,0.5826,1.3513,0.01,156.99,42.51,0.11434,114.48,1981845,14938927,689802,211965476606
0.7409,1.2562,0.0622,0.512,172.2,0.976,0.0101,0.1257,0.0592,0.4486,0.3824,0.01,153.82,51.34,0.08146,102.48,13188294,16273589,630902,33269232932
0.2735,2.0102,0.3397,0.5301,257.8,1.175,0.0083,0.1555,0.4358,0.3784,0.122,0.01,164.89,74.37,0.10111,90.52,6835177,19341473,523703,138056645657
0.6057,2.3108,-0.3706,0.7131,210.0,1.198,0.0181,0.2872,0.6551,0.4469,4.546,0.01,111.23,53.23,0.36483,58.0,7210344,14190471,973540,172539218659
0.2776,1.2737,-0.4835,0.593,258.9,0.973,0.0156,0.116,0.6557,0.3389,0.5448,0.01,168.53,52.51,0.38186,116.02,9734599,16731596,490912,225690908749
0.3523,1.5447,-0.0203,0.6646,141.5,1.155,0.0155,0.443,0.5169,0.7798,0.1475,0.01,154.97,44.96,0.16495,110.01,8701787,6614952,829889,198044594892
0.6823,2.2285,0.0076,0.5427,196.1,1.101,0.016,0.4568,0.5447,0.1635,1.2928,0.01,169.83,77.28,0.12925,92.55,3296877,11942895,191872,228247841118
0.2924,1.8301,-0.1217,0.5123,161.9,1.131,0.0129,0.7921,0.5969,0.753,1.5496,0.01,154.86,47.54,0.42044,107.32,11149672,17947215,108837,175631086719
0.6842,1.2687,0.0601,0.6162,241.7,0.935,0.0065,0.513,0.3461,0.6742,1.414,0.01,101.26,56.2,0.02152,45.06,12551344,15628145,193257,21398088251
0.6501,2.6063,-0.0289,0.5908,223.8,1.079,0.0186,0.657,0.394,0.0001,0.7376,0.01,131.09,72.82,0.0141,58.27,9776420,14984025,313416,50177229240
0.6167,1.3904,-0.1904,0.6081,225.3,1.111,0.0083,0.3668,0.2713,0.3443,1.2738,0.01,144.53,79.05,0.03714,65.48,9062964,20840428,724410,211340044600
0.7372,1.3799,-0.1572,0.6557,194.2,1.092,0.0125,0.4344,0.0821,0.1881,2.0609,0.01,163.34,63.98,0.03901,99.36,4734292,14863013,550603,216650444150
0.6579,2.0549,0.3829,0.7297,146.1,0.913,0.0062,0.1733,0.2877,0.3247,0.9676,0.01,134.98,46.81,0.2427,88.17,9266404,5295209,940448,66734437801
0.5862,1.0819,-0.4173,0.7286,220.5,1.014,0.0054,0.2547,0.7825,0.6666,0.7457,0.01,134.2,55.36,0.38742,78.84,6374208,5788383,365216,202053591347
0.3905,1.4765,0.1462,0.5915,183.2,1.167,0.0095,0.1801,0.4545,0.5152,0.4571,0.01,148.57,64.42,0.40539,84.15,6865894,18136535,500544,14012032907
0.3002,1.3082,-0.3698,0.7047,223.0,0.97,0.0167,0.3405,0.5135,0.3706,0.3784,0.01,127.14,46.52,0.28011,80.62,5952819,15205637,583079,207310328942
0.5976,1.9121,-0.0908,0.7711,162.8,0.933,0.0148,0.3793,0.5232,0.2543,0.2726,0.01,144.16,66.14,0.2298,78.02,12581416,18677380,26143,53028788664
0.733,2.4496,-0.3982,0.7588,184.1,1.006,0.0059,0.6784,0.7101,0.0814,5.4698,0.01,133.69,58.06,0.12742,75.63,9941403,6302722,54832,79963426887
0.3204,2.3494,-0.0874,0.7065,120.3,0.931,0.0114,0.7407,0.0945,0.5818,1.0187,0.01,109.25,44.03,0.23371,65.22,1674296,5080649,153622,53316388499
0.7007,2.2562,0.2712,0.6629,145.5,1.027,0.0128,0.7038,0.6366,0.6675,1.0413,0.01,165.44,40.22,0.14481,125.22,12527088,19874717,901334,121949783549
0.4458,2.8816,0.4903,0.62,244.0,1.138,0.0112,0.5468,0.1003,0.2383,0.2217,0.01,132.5,47.84,0.45243,84.66,10369276,22013429,389145,142702086876
0.4002,1.2089,0.0694,0.709,222.6,1.027,0.0122,0.1309,0.0296,0.1226,1.7179,0.01,146.22,52.27,0.19379,93.95,7530758,19919988,713751,23908155220
0.6459,1.8064,0.2404,0.6504,147.2,1.11,0.0111,0.6043,0.7083,0.515,0.2366,0.01,119.28,69.93,0.18236,49.35,9268439,5318675,356566,210681540298
0.4997,2.3756,-0.3841,0.5973,258.7,1.083,0.0139,0.6838,0.1908,0.3028,1.1322,0.01,114.93,57.33,0.0483,57.6,11367924,8146089,509932,65536478009
0.5778,2.9001,-0.4877,0.6301,159.6,1.176,0.0195,0.3023,0.7983,0.4267,1.08,0.01,141.74,53.72,0.39827,88.02,6267217,10881860,402800,193252022989
0.7375,2.0316,0.0899,0.7828,123.4,1.18,0.01,0.6522,0.5621,0.7931,0.3504,0.01,116.96,37.74,0.44116,79.22,9975122,4458513,773683,19049745109
0.6597,2.5066,-0.1503,0.5092,213.2,1.025,0.0149,0.232,0.5704,0.6566,1.2781,0.01,150.15,43.21,0.03198,106.94,10654136,15182908,307345,79446199776
0.6525,1.8891,-0.2483,0.61,244.5,1.04,0.0075,0.3452,0.6929,0.432,1.0144,0.01,133.34,40.85,0.29805,92.49,1605099,20582291,700786,37436718530
0.4153,1.2497,0.0834,0.7217,162.4,1.157,0.0173,0.3849,0.6995,0.1468,0.6339,0.01,110.91,56.72,0.2132,54.19,1964385,11294000,929644,224583552620
0.377,2.2846,-0.0866,0.522,160.6,1.05,0.009,0.6498,0.0504,0.7732,1.8209,0.01,120.7,59.9,0.16064,60.8,13478100,16923331,935343,81323039120
0.7366,2.7474,0.3637,0.6952,138.2,0.914,0.0104,0.1827,0.5297,0.0608,0.3576,0.01,165.18,76.11,0.38121,89.07,7332027,15301855,390868,16925671945
0.5254,1.4849,0.1015,0.7752,269.3,1.193,0.0106,0.6762,0.785,0.6147,0.3858,0.01,104.07,47.38,0.41008,56.69,2519499,16349598,778185,86904562123
0.6285,2.3416,0.0451,0.7858,236.8,1.074,0.0072,0.1057,0.2213,0.5815,0.9699,0.01,134.69,78.37,0.08542,56.32,13375306,11664768,187526,89038347799
0.695,1.5661,0.3432,0.7326,267.2,1.018,0.0155,0.6823,0.4448,0.4697,0.1345,0.01,108.6,46.73,0.43251,61.87,3361866,6707414,828854,90385175015
0.3447,2.2916,0.4578,0.7903,158.6,0.987,0.0191,0.4379,0.2999,0.0695,0.3849,0.01,133.59,69.71,0.22554,63.88,1376435,8879552,288946,181899398819
0.6905,2.8984,-0.2041,0.614,158.4,0.952,0.0181,0.4592,0.3982,0.2784,1.7966,0.01,110.06,62.78,0.4874,47.28,11769574,7013091,951441,17601211764
0.546,2.9374,-0.4968,0.5424,151.6,1.1,0.012,0.683,0.4589,0.6758,0.73,0.01,165.83,53.44,0.34655,112.39,5257191,20338068,422995,229575373266
0.6417,2.8599,0.2896,0.5442,169.9,1.195,0.0076,0.6359,0.4792,0.6532,0.1404,0.01,131.5,67.12,0.05339,64.38,13415977,8311117,427935,58296655286
0.2605,1.9178,-0.4527,0.5432,124.8,1.104,0.0134,0.4975,0.5468,0.5683,1.2482,0.01,129.51,54.93,0.41808,74.58,1195266,17930762,672528,158718876564
0.4994,1.9529,-0.3893,0.6655,220.2,1.184,0.0094,0.6285,0.4188,0.7619,3.5974,0.01,103.26,50.27,0.21115,52.99,10908873,8519444,894529,102860043843
0.6264,1.5215,0.2925,0.6882,250.8,1.006,0.0133,0.5161,0.4685,0.3513,1.3655,0.01,114.51,39.92,0.10616,74.59,6643852,9482207,820429,215824586125
0.6157,2.3564,0.3715,0.674,168.8,1.015,0.0083,0.2058,0.2769,0.4248,2.4427,0.01,147.82,78.99,0.28108,68.83,3232536,10001344,950027,51610695883
0.5872,1.7599,0.1991,0.6831,146.8,1.075,0.0081,0.7886,0.1834,0.2509,0.2107,0.01,145.93,51.23,0.31356,94.7,1763977,11346017,806587,202535418578
0.6934,1.4387,-0.4399,0.7997,189.5,1.132,0.0177,0.4486,0.6537,0.4555,3.7885,0.01,135.87,79.99,0.28325,55.88,2867067,19794971,817546,98380427524
0.7391,1.6495,-0.4697,0.6374,130.7,1.133,0.0152,0.1925,0.2328,0.0509,1.2026,0.01,102.15,47.35,0.34516,54.8,6500087,8721863,975915,194465889346
0.5961,2.3399,-0.3888,0.7909,131.5,1.17,0.0141,0.6856,0.0457,0.7293,1.4204,0.01,120.61,78.04,0.46239,42.57,2067969,8984601,185424,238449548487
0.5171,2.6304,0.4759,0.6479,147.9,1.07,0.0092,0.6421,0.2839,0.5746,3.2433,0.01,103.16,56.19,0.31932,46.97,2629772,14767525,528032,225164815684
0.6027,2.2664,0.0861,0.7819,221.5,1.005,0.0089,0.1141,0.7421,0.0971,0.223,0.01,162.51,52.09,0.14096,110.42,10805968,14965646,544469,91657705723
0.7479,2.3708,0.0294,0.5389,253.7,0.984,0.0061,0.3915,0.435,0.1218,4.0327,0.01,155.46,69.85,0.47355,85.61,12126764,22625211,605896,14062566623
0.7072,1.1842,0.1174,0.7221,196.6,1.13,0.0074,0.2652,0.415,0.7423,0.5163,0.01,138.35,71.79,0.13064,66.56,13140214,13861781,649737,150468735273
0.7068,1.4539,-0.4931,0.5666,195.6,0.928,0.0187,0.3562,0.2145,0.1798,1.8772,0.01,117.43,49.85,0.43548,67.58,6072826,11603893,610983,174851427845
0.6826,2.9812,-0.4734,0.5843,151.4,1.187,0.0167,0.1758,0.6987,0.25,2.4194,0.01,164.41,37.38,0.41512,127.03,3449329,20072194,810300,136234376213
0.2986,2.7148,0.1613,0.6816,260.0,0.924,0.0196,0.666,0.481,0.2603,0.983,0.01,137.26,71.36,0.15435,65.9,11847656,10905124,279809,11733000479
0.6195,1.4635,-0.3369,0.6141,145.2,1.071,0.0062,0.2369,0.0158,0.022,3.2694,0.01,162.77,62.1,0.04121,100.67,12742069,14947814,384723,8069298794
0.3325,2.9957,0.4883,0.7748,198.5,1.194,0.0179,0.2603,0.7124,0.3479,0.9553,0.01,128.55,64.25,0.29354,64.3,2664894,4225725,662294,142329686710
0.4614,2.4163,0.1351,0.6209,201.0,0.986,0.0149,0.4769,0.0925,0.0387,0.2634,0.01,125.03,65.82,0.36203,59.21,5710448,18014046,537893,211685890767
0.5547,2.0417,0.0226,0.557,221.7,1.0,0.0148,0.6449,0.0675,0.4855,2.0753,0.01,149.08,51.63,0.08392,97.45,5740663,12627931,895295,199633260009
0.6615,2.3149,0.2834,0.7099,247.2,0.944,0.0081,0.3829,0.4295,0.6975,1.7468,0.01,141.84,50.03,0.20147,91.81,11356266,15432026,775114,212299088640
0.2584,1.8776,0.3,0.6215,242.9,0.966,0.0128,0.1049,0.4904,0.4624,2.3528,0.01,157.5,65.03,0.48074,92.47,12011830,12123680,508581,110097686373
0.3852,2.1969,-0.3221,0.7807,185.5,0.949,0.0174,0.3652,0.4955,0.5944,0.9894,0.01,153.6,58.87,0.31586,94.73,4164811,6794213,258708,103111513196
0.3304,2.1736,-0.1987,0.6699,259.8,1.158,0.0091,0.6363,0.1105,0.7768,4.6587,0.01,103.94,54.31,0.29131,49.63,3400107,6147254,52849,179784859698
0.5022,2.4816,-0.061,0.6307,241.2,1.04,0.0111,0.5178,0.6262,0.5115,0.8026,0.01,125.43,49.58,0.31061,75.85,6965460,9740840,819189,89833373032
0.3822,2.5204,0.3208,0.6998,175.2,1.1,0.0195,0.6886,0.0805,0.4767,1.0908,0.01,118.82,38.36,0.18294,80.46,9845353,12707964,862378,42367600735
0.5919,1.9892,-0.0725,0.5047,180.8,1.019,0.0073,0.2091,0.0958,0.5072,0.8104,0.01,142.67,50.16,0.44654,92.51,12429270,17351388,786696,76390517667
0.6675,2.9872,-0.4353,0.502,203.5,0.943,0.0169,0.6735,0.1208,0.0249,2.3101,0.01,132.67,47.45,0.1527,85.22,8354075,18498550,520067,155203127016
0.7024,1.1021,-0.172,0.6725,192.2,1.112,0.0082,0.523,0.0552,0.4181,0.4577,0.01,141.48,68.81,0.18482,72.67,10763039,10405295,845279,132427634131
0.3231,2.5475,-0.277,0.6897,166.0,0.94,0.0166,0.7022,0.2588,0.1367,0.1252,0.01,168.83,64.83,0.32309,104.0,13556617,9377017,748871,182288019621
0.4975,1.368,-0.3499,0.5377,134.8,0.908,0.0168,0.2549,0.0473,0.2442,1.0025,0.01,152.5,49.35,0.23118,103.15,11346824,9435956,697031,150797478782
0.5852,1.9933,0.1143,0.5947,204.3,1.155,0.0112,0.7643,0.0736,0.3202,0.3875,0.01,119.46,74.83,0.06017,44.63,4729141,11205241,160284,125605714911
0.5213,2.9711,0.3911,0.7462,196.9,1.135,0.0182,0.5076,0.5543,0.0936,0.2991,0.01,158.25,77.5,0.06115,80.75,13536469,19693313,765365,100542447126
0.4229,2.295,-0.2228,0.6777,130.1,0.998,0.0163,0.6017,0.7298,0.7225,0.9241,0.01,154.05,71.56,0.27498,82.49,4567123,7651772,540404,182968593651
0.2844,1.0605,0.2348,0.585,203.8,1.028,0.0153,0.2995,0.1818,0.7515,1.2415,0.01,164.31,35.72,0.20347,128.59,3326256,14510782,20961,156986377659
0.5338,1.7838,0.1935,0.6241,262.5,1.185,0.016,0.6962,0.2789,0.5689,7.4232,0.01,141.31,57.61,0.22505,83.7,8361924,6910078,308940,17156966947
0.646,1.162,-0.1537,0.6589,237.7,1.072,0.0173,0.2099,0.4609,0.5699,0.1808,0.01,113.51,40.17,0.39464,73.34,6172376,11077414,569602,67839907122
0.2657,1.0269,0.1131,0.5683,166.8,1.197,0.013,0.4365,0.015,0.2085,0.5122,0.01,157.55,45.51,0.33212,112.04,4758935,15131051,837903,110957090918
0.3216,1.5597,-0.3714,0.7022,201.7,1.053,0.0117,0.277,0.2693,0.1762,1.7653,0.01,106.74,55.75,0.05703,50.99,12631480,7596512,533730,114986394904
0.4031,2.7534,-0.4408,0.7961,192.9,1.013,0.0101,0.247,0.5931,0.1193,0.4712,0.01,108.36,62.47,0.05587,45.89,9202291,20100290,512878,245168152592
0.7014,2.3547,-0.4812,0.7544,253.6,1.059,0.0192,0.2341,0.1863,0.7627,1.673,0.01,159.08,39.75,0.41057,119.33,8010775,6903711,743499,107314401425
0.7189,1.4154,-0.437,0.5336,262.0,1.076,0.0166,0.41,0.1705,0.2004,0.4429,0.01,168.45,66.82,0.07645,101.63,7435260,15467287,511154,82904352773
0.6665,2.8826,0.3747,0.7056,125.5,1.024,0.0134,0.1666,0.1299,0.7788,2.6603,0.01,169.57,77.4,0.42703,92.17,13836559,5992243,473373,247982773740
0.3633,1.1598,-0.3273,0.6507,125.3,1.041,0.0191,0.2653,0.1932,0.4746,1.0366,0.01,119.5,46.05,0.44378,73.45,4593486,10180704,104397,109074435558
0.4423,2.2805,0.3478,0.615,195.1,1.02,0.0168,0.5956,0.2333,0.6218,1.3859,0.01,168.26,62.23,0.22423,106.03,8746070,21147341,553110,151955776999
0.3389,1.7549,0.072,0.5041,229.1,1.057,0.009,0.1745,0.3754,0.7133,0.5896,0.01,102.17,40.34,0.38009,61.83,8044450,7930452,629465,230485956781
0.5667,2.8956,0.0408,0.6064,160.7,1.126,0.0164,0.5617,0.0304,0.3754,5.3764,0.01,132.79,57.26,0.21943,75.53,10900437,22133391,484572,97781929952
0.6584,1.6576,-0.1474,0.5045,165.7,1.199,0.0182,0.538,0.3891,0.1683,0.4961,0.01,167.31,64.74,0.21033,102.57,4283686,18948865,100498,124534959059
0.2832,1.3147,-0.3141,0.7848,195.8,0.918,0.0126,0.5211,0.0388,0.1177,1.3966,0.01,152.35,36.81,0.47115,115.54,8539531,12257050,837171,207177180933
0.6647,2.5197,-0.1631,0.5303,199.1,1.026,0.0068,0.67,0.6104,0.6262,1.2165,0.01,141.27,35.89,0.36474,105.38,3371558,17384250,173645,244010548519
0.5772,2.691,0.2022,0.7797,155.3,1.187,0.0172,0.6637,0.1103,0.6704,1.2119,0.01,130.65,67.93,0.17009,62.72,5307518,10130992,211180,236744557915
0.7382,2.1885,-0.0243,0.6991,261.4,1.023,0.0102,0.5962,0.5676,0.1258,1.8298,0.01,165.1,79.87,0.31523,85.23,4712392,15673106,543253,98972404364
0.3554,1.0377,-0.2751,0.7437,121.5,0.963,0.017,0.2599,0.6192,0.4199,0.9303,0.01,162.94,35.78,0.44044,127.16,10285423,17188158,251638,132751617199
0.7177,1.9306,0.4912,0.7168,142.4,0.985,0.0138,0.7959,0.253,0.5058,1.636,0.01,134.75,55.53,0.33031,79.22,4880236,15156802,729419,211402516086
0.3661,2.8013,0.422,0.6022,225.0,1.199,0.0075,0.3484,0.7258,0.2129,0.9487,0.01,122.46,61.51,0.03346,60.95,7363576,16480799,78239,30852395650
0.4566,2.47,-0.3876,0.6692,154.6,1.142,0.007,0.5068,0.6369,0.5174,1.3395,0.01,116.79,53.12,0.17148,63.67,9254278,12031668,251229,239751962350
0.6865,1.7171,-0.2886,0.7982,251.0,1.163,0.0136,0.4695,0.4617,0.2927,0.9205,0.01,126.86,60.76,0.24459,66.1,8782919,18805889,370345,249798996858
0.4855,2.0435,0.2197,0.6404,187.2,1.081,0.0051,0.6897,0.6951,0.0564,0.7919,0.01,129.14,42.18,0.04308,86.96,6006865,17767927,967178,234058995781
0.5955,2.641,-0.4569,0.5415,144.9,0.974,0.008,0.5197,0.6908,0.3375,1.9281,0.01,166.42,42.65,0.10776,123.77,12152444,12011067,641661,141137102133
0.7036,1.388,-0.1152,0.7773,229.3,1.035,0.0069,0.71,0.6208,0.755,0.7588,0.01,165.99,76.4,0.40047,89.59,6566963,22918092,682519,55185586253
0.5882,1.9725,-0.4146,0.6327,234.4,0.925,0.0194,0.425,0.2568,0.2682,1.1375,0.01,128.32,40.83,0.46316,87.49,4127958,13886823,594089,145216198989
0.4788,1.6458,-0.1896,0.5699,266.1,0.938,0.0121,0.5968,0.4769,0.1457,0.934,0.01,152.77,73.79,0.09411,78.98,13668174,21685889,578096,43489778057
0.6608,1.9327,0.4828,0.5762,191.8,0.912,0.0138,0.4275,0.4878,0.0149,0.4047,0.01,107.58,53.95,0.44894,53.63,10932141,19930437,446749,127530351836
0.5983,1.175,0.1063,0.6165,265.9,1.173,0.0071,0.7171,0.2968,0.6082,1.2239,0.01,125.69,71.39,0.47449,54.3,4976159,7734483,20501,67487548024
0.5375,1.325,-0.183,0.7265,165.2,0.905,0.0162,0.1962,0.6412,0.6374,1.267,0.01,127.62,36.35,0.36705,91.27,6619181,16417758,144175,176820386467
0.5879,2.5481,0.4057,0.7616,181.7,0.907,0.0071,0.3989,0.7029,0.6747,0.1643,0.01,141.97,69.65,0.31216,72.32,4299648,17396765,354476,246541416895
0.4448,1.6324,-0.4776,0.7378,138.6,1.189,0.0156,0.1267,0.393,0.6902,1.3935,0.01,147.22,62.81,0.21984,84.41,7990203,20444686,978629,45274130536
0.3163,1.7044,-0.3311,0.5525,146.4,1.139,0.0189,0.3807,0.5177,0.76,1.4316,0.01,137.38,73.59,0.30658,63.79,10930907,14540370,572475,190310065946
0.534,1.4355,-0.1664,0.5026,249.8,0.994,0.0195,0.5775,0.2085,0.7807,2.6879,0.01,156.71,48.08,0.06162,108.63,9636561,13221266,342875,131887879639
0.3787,1.8251,-0.4195,0.5803,138.4,0.961,0.0064,0.3722,0.0258,0.3137,1.0868,0.01,104.54,49.68,0.44725,54.86,11083234,11817749,698705,237644791634
0.5928,2.6437,-0.4281,0.7608,143.8,0.972,0.0144,0.3938,0.4283,0.129,0.961,0.01,114.86,49.18,0.27938,65.68,13512727,4821396,976387,124246335670
0.3135,1.9384,-0.0007,0.7577,187.7,1.003,0.0084,0.3957,0.5797,0.7974,7.7614,0.01,101.73,52.79,0.05512,48.94,5278176,9327845,896198,18581236437
0.3784,2.1118,-0.2765,0.6428,180.6,0.923,0.0108,0.5051,0.5039,0.2181,0.5628,0.01,154.63,52.72,0.09103,101.91,10600515,22571903,914756,178461151741
0.2885,2.2246,-0.4951,0.7592,132.8,1.16,0.0165,0.655,0.0203,0.3684,1.7842,0.01,143.12,44.66,0.1453,98.46,9828075,22114014,155354,119912658081
0.5692,1.3737,0.0435,0.507,204.8,1.171,0.0188,0.637,0.6343,0.7893,1.5258,0.01,147.58,65.71,0.44439,81.87,1140509,20491528,857512,221703085619
0.2959,2.4674,0.1505,0.6599,194.7,0.951,0.0144,0.6321,0.5664,0.3187,1.1703,0.01,138.72,38.7,0.04725,100.02,13697002,9460629,753483,72299440628
0.3729,2.6012,-0.0941,0.6785,245.3,0.911,0.0163,0.4845,0.555,0.2575,0.8684,0.01,139.8,49.75,0.33602,90.05,1302861,6419958,883198,227736253077
0.4701,1.6532,0.328,0.7927,123.9,1.049,0.0183,0.3968,0.4841,0.1508,0.9506,0.01,157.31,53.82,0.05368,103.49,7103792,12744533,832786,213131870885
0.4503,1.4235,-0.1413,0.5591,183.0,1.161,0.0192,0.324,0.4737,0.1951,1.159,0.01,169.94,70.81,0.30166,99.13,13649478,6778142,319012,41964272711
0.6408,1.8865,-0.0228,0.7351,159.0,1.004,0.0101,0.3413,0.0031,0.2759,3.4522,0.01,130.86,78.59,0.04988,52.27,8933479,20920638,304472,31384053114
0.5433,1.7087,-0.0368,0.5942,253.0,0.988,0.0096,0.2592,0.0063,0.4305,0.2526,0.01,150.83,47.68,0.25163,103.15,10984392,20530293,168115,213371697900
0.465,2.6521,-0.4188,0.5328,197.3,1.147,0.0086,0.1755,0.7446,0.6682,0.4804,0.01,164.51,67.56,0.07345,96.95,13288250,11840417,339547,170043049889
0.6328,2.4405,0.1186,0.7651,125.8,1.122,0.02,0.5732,0.4935,0.1356,2.899,0.01,133.98,59.79,0.17869,74.19,6670895,10621696,202074,148799011450
0.3173,1.4813,-0.2424,0.7737,132.0,1.069,0.0164,0.3199,0.0036,0.6609,1.2995,0.01,125.6,43.92,0.0395,81.68,8267287,17178180,278494,63598388917
0.6091,2.2839,-0.1691,0.5991,190.6,1.082,0.0055,0.3799,0.4201,0.4049,1.2909,0.01,126.03,37.42,0.09794,88.61,5841779,22167761,747625,184919112309
0.518,2.8056,-0.4678,0.6324,240.1,1.058,0.008,0.6943,0.0931,0.503,0.6004,0.01,168.69,45.3,0.07191,123.39,7967519,7868919,972232,14506444403
0.6557,2.2233,-0.0996,0.5213,214.8,1.114,0.0169,0.3586,0.543,0.7429,1.4116,0.01,151.81,38.22,0.09339,113.59,2434221,14683448,379494,141411694059
0.6423,1.4287,0.2566,0.6077,231.0,1.073,0.0133,0.473,0.5391,0.287,0.2611,0.01,107.72,47.08,0.35116,60.64,12183387,18025783,34702,155902007958
0.7046,2.511,-0.089,0.5457,193.0,0.967,0.0191,0.6512,0.6647,0.6727,0.7156,0.01,143.14,39.49,0.25545,103.65,7686915,4705696,612906,108934945070
0.4864,2.7008,0.1605,0.5134,177.6,0.993,0.0111,0.2382,0.1779,0.3281,3.231,0.01,149.0,74.77,0.47469,74.23,2044195,7115437,586773,173966360724
0.3939,2.4754,0.3928,0.7593,246.7,1.002,0.0095,0.7945,0.7396,0.366,1.175,0.01,161.14,66.87,0.15518,94.27,7244269,12925484,245766,219783428364
0.2521,2.6778,0.2799,0.6364,122.9,1.014,0.0119,0.1082,0.4757,0.563,0.5313,0.01,156.4,54.42,0.09685,101.98,1625907,12107320,355916,247716543564
0.3479,2.1601,0.273,0.6174,164.7,0.994,0.0158,0.6725,0.1121,0.0447,1.9429,0.01,143.43,49.88,0.36938,93.55,2010427,18689155,346414,183397390783
0.6713,1.3484,-0.4459,0.7067,229.6,1.017,0.0095,0.1316,0.1682,0.0839,0.3364,0.01,148.44,41.11,0.09448,107.33,8808555,20155365,544791,180259305361
0.648,2.3294,-0.0643,0.7111,263.0,0.935,0.0085,0.3345,0.7985,0.0374,0.5015,0.01,166.91,37.77,0.37986,129.14,1165147,13435249,207865,120341306121
0.4079,1.5329,0.1394,0.7699,248.0,1.181,0.0106,0.2347,0.037,0.1298,0.3923,0.01,149.42,43.08,0.03633,106.34,6122031,17495683,539061,140797654310
0.2946,1.7611,0.1771,0.7433,230.2,1.061,0.0186,0.44,0.6697,0.4527,0.6289,0.01,154.52,68.3,0.01484,86.22,7306101,4845559,739497,233873213033
0.5887,2.8722,-0.2531,0.5692,186.9,1.101,0.0152,0.577,0.3065,0.3303,2.6768,0.01,106.31,38.89,0.12025,67.42,10762127,6941162,771293,125959852980
0.2758,2.3731,-0.4822,0.5337,268.6,1.083,0.0078,0.1194,0.4527,0.0801,1.586,0.01,142.31,77.44,0.2706,64.87,12093751,15526477,671894,56581912147
0.3008,1.4926,-0.1671,0.7679,179.7,1.038,0.0141,0.525,0.4096,0.1491,4.1548,0.01,116.35,55.23,0.26843,61.12,10831224,11057724,286918,198509029778
0.4267,1.7968,-0.3209,0.5886,148.5,0.986,0.0113,0.6616,0.7782,0.5635,1.5182,0.01,131.79,35.24,0.09998,96.55,11890944,14329818,845650,126913321281
0.5451,2.254,-0.437,0.5005,239.0,0.977,0.0198,0.1678,0.5903,0.7635,1.8427,0.01,104.41,40.52,0.45917,63.89,8049350,12139776,643943,161718249860
0.288,1.0304,-0.265,0.5488,128.4,0.931,0.0118,0.2164,0.142,0.5208,0.886,0.01,102.91,56.46,0.08616,46.45,9901862,20314873,383076,11404541609
0.4467,1.307,-0.3284,0.505,214.4,1.022,0.0152,0.4882,0.285,0.4981,2.0047,0.01,154.56,57.51,0.34415,97.05,12228318,16985332,893286,135356530741
0.3571,1.7501,-0.1147,0.6711,137.7,0.912,0.0104,0.5437,0.0879,0.3614,1.746,0.01,149.49,41.7,0.37766,107.79,7156301,18335951,466395,201722072813
0.5633,1.9286,-0.3828,0.5245,154.0,1.159,0.017,0.6691,0.6887,0.3131,0.4834,0.01,125.1,43.75,0.27313,81.35,6423410,7497851,170590,162475001419
0.2728,1.9624,-0.3721,0.6906,213.0,1.091,0.0073,0.1075,0.5337,0.2801,2.6303,0.01,147.49,60.23,0.43524,87.26,7674692,7323064,107364,228626850089
0.6411,2.4046,0.2372,0.5186,123.3,1.094,0.0153,0.7846,0.5405,0.5467,1.1544,0.01,109.31,59.31,0.36026,50.0,3060334,8798774,519815,138229774791
0.5217,1.5714,-0.3406,0.7153,220.2,1.081,0.0128,0.2687,0.7216,0.1269,1.931,0.01,109.81,49.56,0.20033,60.25,9890661,12093219,823536,48294076105
0.5139,2.2272,0.1408,0.7715,132.3,1.021,0.0097,0.7437,0.0444,0.3042,4.4001,0.01,145.19,45.84,0.43836,99.35,12278083,4484194,555181,179760616603
0.6738,2.473,0.4994,0.5558,228.6,1.137,0.0055,0.5569,0.2272,0.5326,0.3776,0.01,114.77,65.17,0.48605,49.6,12646549,22555694,936580,238166339897
0.2743,1.9235,-0.3156,0.5468,228.5,1.106,0.0096,0.5054,0.4784,0.0584,1.0535,0.01,100.87,58.94,0.02055,41.93,9421309,8364261,88810,135202763859
0.5447,2.6632,-0.2097,0.5606,159.3,1.067,0.0152,0.4214,0.2627,0.701,0.2979,0.01,129.66,77.16,0.12273,52.5,6004978,11274871,531866,121452700366
0.5187,2.9437,0.3184,0.6446,214.0,1.081,0.0093,0.3486,0.745,0.1614,0.7604,0.01,120.39,78.75,0.35073,41.64,11406394,11552699,122530,18073187534
0.7111,1.3657,0.1886,0.5582,194.0,1.176,0.0059,0.5348,0.6653,0.1386,1.9941,0.01,120.72,57.82,0.23685,62.9,9998852,14624017,150322,75690634823
0.5595,1.1078,0.0919,0.6544,140.4,1.096,0.0141,0.3863,0.565,0.7487,0.8636,0.01,102.73,46.44,0.39067,56.29,9394848,22781883,486504,137921534551
0.2541,2.2043,0.3272,0.6546,210.3,0.916,0.0153,0.1936,0.2097,0.1665,0.9089,0.01,160.96,41.96,0.25355,119.0,10888700,4685323,312892,86592032986
0.281,2.0298,-0.2727,0.5835,177.0,1.031,0.0112,0.3319,0.7894,0.152,1.2865,0.01,148.93,58.27,0.11685,90.66,7386750,13459141,84203,12069416095
0.5898,1.2009,-0.0678,0.7584,241.6,0.983,0.0172,0.7384,0.6839,0.1943,1.1236,0.01,160.7,61.01,0.43693,99.69,8983055,4759824,233554,26432398106
0.3268,2.0581,0.1524,0.5117,126.5,1.121,0.0079,0.4192,0.7224,0.2678,4.3124,0.01,157.44,37.61,0.38089,119.83,3819562,12842217,186971,60078681472
0.6506,1.8753,0.1331,0.591,207.1,1.165,0.0122,0.4335,0.6566,0.5931,0.5231,0.01,150.54,52.68,0.47197,97.86,6491327,21957861,709925,95487631221
0.5721,1.9142,0.4721,0.7078,193.3,0.966,0.0177,0.1208,0.3246,0.6645,1.0383,0.01,121.35,70.58,0.06584,50.77,4800951,4205908,833905,77019115555
0.3334,2.2086,0.4626,0.7194,195.2,1.01,0.0129,0.6908,0.1983,0.5902,0.4003,0.01,151.18,55.86,0.10475,95.32,1386695,4932543,816400,121063367858
0.3152,2.4195,0.1322,0.6779,216.3,1.025,0.0089,0.6184,0.2841,0.6055,0.2492,0.01,148.16,60.99,0.21184,87.17,13259200,15621131,911085,98047629014
0.3539,1.768,-0.4979,0.5397,248.3,1.142,0.0087,0.6595,0.0131,0.5242,2.8809,0.01,136.38,65.25,0.02021,71.13,13898610,5356586,841386,94136391659
0.6641,1.6204,-0.4617,0.6514,230.6,1.061,0.0057,0.2065,0.3002,0.2103,4.8021,0.01,116.55,73.18,0.47333,43.37,3764871,22523516,924730,39963805687
0.4364,2.8138,0.1232,0.742,174.3,1.184,0.0092,0.4371,0.4598,0.2938,0.2072,0.01,160.27,53.29,0.04517,106.98,2572753,21552856,467652,113990933830
0.724,2.1502,-0.0152,0.6197,241.9,1.093,0.0161,0.7762,0.4715,0.2995,0.3002,0.01,132.14,64.59,0.19666,67.55,9232398,18908974,136829,39660699177
0.4764,2.0708,0.4698,0.7281,171.7,1.166,0.0136,0.6026,0.6692,0.1694,0.5745,0.01,132.58,53.68,0.48646,78.9,13829362,11521269,994364,233190974623
0.4262,2.8206,0.0646,0.518,184.0,0.999,0.0173,0.5843,0.2117,0.4126,0.397,0.01,143.21,46.6,0.41709,96.61,8676405,22202156,274326,118532971108
0.48,1.775,-0.3469,0.5098,138.1,0.981,0.0191,0.5121,0.1074,0.3701,1.7518,0.01,119.03,75.73,0.41172,43.3,11777090,4520892,547444,8482955565
0.5095,2.5551,0.4455,0.7224,263.8,1.037,0.0194,0.5887,0.0983,0.5405,0.3673,0.01,103.59,38.12,0.40975,65.47,1053555,5243812,99474,42897615512
0.7144,1.5528,0.3222,0.628,221.1,1.14,0.0198,0.7751,0.1082,0.1188,0.1325,0.01,165.5,59.29,0.47915,106.21,10164343,8016703,716568,220192740086
0.3189,1.5383,-0.3051,0.7956,240.5,1.113,0.0137,0.5821,0.3975,0.0036,5.9939,0.01,160.36,43.24,0.09161,117.12,9907129,5405655,141080,150070798829
0.6219,2.9048,-0.4112,0.5085,157.3,1.036,0.0124,0.2502,0.3307,0.4805,0.2396,0.01,166.26,54.6,0.27644,111.66,3549639,8612180,119285,59839489576
0.6196,1.1055,0.3448,0.7191,218.2,1.036,0.0132,0.7002,0.4922,0.1408,1.4262,0.01,142.53,57.4,0.32783,85.13,8911850,5735125,957701,193000234116
0.3309,1.9058,0.2594,0.7515,139.9,1.089,0.0127,0.5037,0.5213,0.7752,0.3885,0.01,161.69,73.98,0.47942,87.71,2927141,19219315,133335,247444956318
0.6453,1.9872,-0.1737,0.6354,190.4,0.962,0.0093,0.7545,0.3238,0.0113,2.4703,0.01,112.85,50.66,0.11632,62.19,2234838,7575875,373805,122568865372
0.4059,2.4066,-0.3615,0.5152,203.4,0.977,0.0069,0.5319,0.1589,0.0143,0.4769,0.01,113.26,63.85,0.07267,49.41,1921777,13027097,27429,56163132672
0.5527,2.3687,0.2653,0.645,156.3,1.047,0.0175,0.5722,0.3363,0.2146,2.6556,0.01,156.85,48.1,0.15783,108.75,11671058,7610731,796873,48747511296
0.5353,1.958,-0.0839,0.557,222.0,1.059,0.0058,0.4156,0.2206,0.1967,1.5609,0.01,122.38,48.34,0.07845,74.04,5356833,18555661,693880,161190838384
0.6631,2.2361,0.0174,0.5837,197.8,1.12,0.0197,0.2924,0.3958,0.7299,2.7674,0.01,156.11,38.97,0.02584,117.14,13158465,20418311,771925,97270364265
0.3395,1.2028,0.3861,0.7478,208.7,0.995,0.0149,0.4298,0.4484,0.0314,0.7719,0.01,117.2,60.72,0.09064,56.48,1510358,20820108,216135,109407506082
0.57,2.6785,-0.0387,0.5447,227.7,0.978,0.0114,0.7287,0.5517,0.3314,1.2596,0.01,113.73,69.28,0.48579,44.45,2844640,18650825,598193,227207062323
0.3485,1.8214,0.2461,0.5347,179.6,1.177,0.0139,0.7721,0.3752,0.5593,0.1501,0.01,135.52,43.69,0.04671,91.83,3130702,6485116,948774,236629376957
0.3587,1.9352,-0.2101,0.5176,182.2,1.115,0.0125,0.7083,0.5804,0.3972,1.6541,0.01,124.05,36.6,0.26337,87.45,7890270,11136834,493398,160846320225
0.4777,2.2484,0.1875,0.6636,227.9,0.92,0.0125,0.6008,0.2523,0.7537,0.3194,0.01,101.09,59.52,0.34066,41.57,3698870,5418936,136117,249129819582
0.5152,2.6249,-0.0577,0.6303,178.1,0.947,0.0187,0.3177,0.2175,0.654,0.5517,0.01,101.9,37.87,0.3269,64.03,9158681,7237566,754544,112105363418
0.4009,1.0239,-0.1365,0.6026,206.6,1.014,0.0165,0.1816,0.4261,0.5035,6.8863,0.01,166.69,62.19,0.47628,104.5,11397442,17862833,335320,21791140588
0.5689,1.272,-0.3657,0.5262,238.5,1.19,0.0089,0.39,0.3641,0.3573,1.8941,0.01,143.73,41.41,0.43887,102.32,13568883,13296993,244294,115388959691
0.2626,2.9614,-0.0421,0.6233,189.1,0.951,0.018,0.2734,0.5611,0.0721,0.4172,0.01,151.77,68.89,0.1391,82.88,7587833,20870120,418124,247112908239
0.582,1.1513,-0.0099,0.609,241.5,1.165,0.0163,0.2291,0.7997,0.1115,0.2478,0.01,148.5,75.35,0.46349,73.15,2270385,15510160,742416,149028151011
0.7029,1.3464,-0.0448,0.5199,269.7,0.93,0.0168,0.4722,0.6126,0.0647,1.7598,0.01,165.32,43.67,0.20613,121.65,11653911,9828071,878185,238947997604
0.7275,2.1042,-0.3451,0.5998,204.7,1.094,0.0097,0.1914,0.7192,0.4398,0.5572,0.01,154.25,57.09,0.049,97.16,4601529,13164602,692609,16693101826
0.2859,1.3168,-0.4543,0.5192,182.7,0.986,0.016,0.5653,0.5687,0.6691,0.8961,0.01,105.11,55.3,0.29895,49.81,7769718,9504399,785403,112491959276
0.2818,2.8182,0.2662,0.7607,215.3,1.195,0.0082,0.5922,0.5191,0.0492,0.983,0.01,158.88,62.45,0.01087,96.43,13806279,18953293,224847,125109421211
0.4869,1.1684,-0.178,0.5489,238.2,1.018,0.0197,0.2288,0.7065,0.3749,1.9571,0.01,123.99,48.19,0.09916,75.8,5328066,13003382,609639,187657645724
0.3718,2.6547,0.2352,0.5705,243.4,1.036,0.0153,0.2513,0.7409,0.4768,0.5193,0.01,121.75,69.52,0.44328,52.23,11515739,22926930,426179,54739205450
0.3029,1.8324,-0.0669,0.7553,174.1,1.02,0.0056,0.1375,0.0007,0.2416,2.5398,0.01,111.95,63.25,0.27753,48.7,7757851,18530188,956281,49803980243
0.3263,2.6173,0.0573,0.6221,266.9,1.063,0.0092,0.6165,0.6396,0.2088,0.1082,0.01,134.12,72.51,0.3077,61.61,10690405,9667033,921497,142989785609
0.3366,1.0554,0.2425,0.7582,156.1,0.972,0.0143,0.3117,0.3526,0.6886,0.3203,0.01,140.02,77.81,0.07118,62.21,3074737,4859560,640855,79363744313
0.256,1.1216,-0.0454,0.5238,127.0,1.035,0.0142,0.19,0.7654,0.6141,1.5798,0.01,157.81,40.39,0.16235,117.42,3457760,5479708,602123,71856603858
0.2754,2.7273,0.278,0.7038,199.0,1.187,0.0132,0.2838,0.1612,0.2321,1.6245,0.01,160.54,72.04,0.2263,88.5,9173561,11887917,473142,216851502993
0.4555,1.4189,-0.4229,0.7989,136.2,1.135,0.0062,0.3154,0.1512,0.4838,7.4694,0.01,130.55,43.52,0.24547,87.03,5024152,21608340,90477,243475125680
0.433,1.7249,0.1288,0.6985,224.8,1.07,0.0181,0.765,0.1441,0.2297,0.8811,0.01,117.69,58.71,0.04271,58.98,7254631,6349553,707424,10098637244
0.5056,1.4313,-0.2055,0.6851,124.1,1.03,0.0078,0.3703,0.4675,0.3767,1.2756,0.01,160.68,61.97,0.37882,98.71,9719818,8860936,855519,130714218715
0.6845,2.2753,0.4438,0.6488,128.0,1.127,0.0103,0.2335,0.6294,0.1021,0.4289,0.01,130.9,39.71,0.41251,91.19,1730894,9766164,443134,154372271803
0.7321,2.9587,0.3409,0.5955,233.9,1.099,0.0118,0.7673,0.2398,0.652,0.4839,0.01,135.37,56.07,0.0523,79.3,9807025,14422743,76200,217650463684
0.3519,2.4277,-0.2319,0.6852,223.7,1.119,0.0171,0.6628,0.7775,0.6985,0.8321,0.01,153.53,72.11,0.1537,81.42,12453621,10032841,584246,241212250819
0.6998,2.3827,0.2272,0.7175,264.8,1.072,0.0199,0.3336,0.5086,0.4713,2.2659,0.01,156.81,69.63,0.0195,87.18,10521793,20051053,843329,93257696737
0.5674,1.2215,0.2168,0.578,227.0,0.984,0.0107,0.7579,0.62,0.4132,1.4439,0.01,160.85,48.77,0.11461,112.08,5626454,7459580,942262,240132224602
0.336,2.9354,0.148,0.5405,251.7,1.026,0.0055,0.7443,0.2797,0.2629,0.5049,0.01,160.41,65.22,0.226,95.19,10223955,14841391,746033,80583500936
0.5474,1.2875,0.3529,0.7885,139.5,1.195,0.0092,0.5995,0.3741,0.6784,1.4677,0.01,126.48,76.28,0.01929,50.2,2677148,7385452,116186,91207091491
0.2691,2.87,-0.1084,0.6314,216.5,0.951,0.0072,0.4559,0.7897,0.7613,2.0949,0.01,140.28,69.46,0.12631,70.82,9773013,21576507,516542,67737824074
0.4922,2.6684,0.4964,0.7897,150.4,1.083,0.0121,0.6388,0.7818,0.4381,0.6955,0.01,147.77,46.85,0.15217,100.92,11382549,16562905,431124,74857546224
0.274,1.7135,0.3468,0.7655,174.0,1.042,0.0077,0.5999,0.6304,0.3339,0.1698,0.01,156.47,58.82,0.27803,97.65,6293683,11044973,636745,73961568526
0.37,1.2048,0.4634,0.6202,217.1,1.139,0.0088,0.4622,0.114,0.5804,3.0856,0.01,114.14,40.08,0.16311,74.06,9090693,5766956,998027,185536742178
0.672,2.2112,-0.08,0.6691,122.0,0.913,0.0111,0.4685,0.7861,0.5882,0.3599,0.01,113.37,58.13,0.40847,55.24,13921193,14669293,880082,129920984609
0.4236,1.6628,0.176,0.516,215.7,1.129,0.0172,0.5977,0.3675,0.7702,1.5678,0.01,103.46,52.34,0.44296,51.12,7608780,13359534,174417,130609444972
0.3253,1.3527,-0.3546,0.548,248.1,1.033,0.0196,0.5895,0.7946,0.1863,0.3075,0.01,112.73,52.2,0.048,60.53,11468560,12294239,567707,200282274028
0.3534,1.049,0.2151,0.7355,237.1,1.05,0.0169,0.1136,0.2229,0.402,3.26,0.01,159.41,59.65,0.49135,99.76,6583854,16901949,180931,29312931773
0.5729,2.1493,-0.2634,0.5234,215.7,1.019,0.0133,0.7659,0.7241,0.0678,3.6495,0.01,169.79,74.29,0.21229,95.5,2213185,13521926,153510,70070739257
0.602,2.0482,0.3174,0.7333,186.5,1.176,0.0154,0.4229,0.5814,0.0191,3.1905,0.01,135.64,65.51,0.18443,70.13,4979398,11186757,284238,41619866444
0.5481,1.6738,-0.1857,0.6213,249.0,0.936,0.0135,0.3528,0.4112,0.0934,1.6129,0.01,120.08,74.48,0.2958,45.6,11092420,22462253,875312,178954980476
0.5761,2.5438,0.0674,0.6725,202.1,1.048,0.0086,0.4051,0.2251,0.3466,2.7615,0.01,132.87,59.87,0.36808,73.0,1679399,13644340,316344,221394092844
0.5079,1.2181,0.2978,0.6393,191.5,1.096,0.009,0.1904,0.7797,0.1801,0.2748,0.01,118.66,72.14,0.03861,46.52,1565384,10784765,96705,93350761553
0.4441,2.7727,0.2874,0.7994,216.3,1.126,0.0105,0.3195,0.1338,0.5727,2.0295,0.01,144.63,39.61,0.42344,105.02,5727549,10870245,275874,214977428895
0.5523,1.5057,-0.4299,0.5666,148.3,0.962,0.0115,0.4911,0.0992,0.5134,1.3707,0.01,155.64,67.99,0.16635,87.65,8694808,15045318,257841,226024912939
0.5284,1.1271,-0.2386,0.5744,161.2,0.943,0.0051,0.2134,0.0791,0.0062,0.5692,0.01,146.62,60.83,0.26982,85.79,2767743,16647796,173154,192462909204
0.353,1.1106,-0.2874,0.5531,201.3,1.156,0.0127,0.297,0.115,0.3846,0.1389,0.01,158.79,36.49,0.19345,122.3,5291812,4983313,360789,228098564839
0.6389,2.4976,-0.2462,0.7393,216.7,0.92,0.0139,0.7742,0.2814,0.6301,0.159,0.01,166.73,52.41,0.14194,114.32,13944423,15245366,436409,238658039019
0.4824,1.1935,0.0235,0.6934,200.6,1.059,0.0087,0.4093,0.2516,0.0464,0.1786,0.01,131.94,52.86,0.4006,79.08,12870166,18607152,744043,223342561962
0.5391,1.6553,-0.1946,0.7628,143.1,1.16,0.0094,0.2152,0.4746,0.7878,1.4395,0.01,112.75,51.86,0.26152,60.89,2716612,19948409,355257,10736008808
0.5793,1.8605,-0.4578,0.7815,170.4,1.17,0.0196,0.6682,0.2643,0.2836,2.5161,0.01,169.0,58.67,0.23958,110.33,11252834,16312454,149194,74144441064
0.7484,2.5831,-0.1713,0.5731,211.2,0.927,0.0054,0.1037,0.4372,0.1835,0.6905,0.01,145.67,35.05,0.32436,110.62,6784698,16228399,181394,143174714731
0.7233,2.7644,-0.1319,0.5132,205.5,0.901,0.0135,0.2419,0.0904,0.1819,0.2757,0.01,142.04,45.48,0.21916,96.56,3386229,5217217,987275,188928701591
0.3682,1.777,0.0703,0.5463,251.8,1.171,0.0188,0.5192,0.7521,0.1009,0.6097,0.01,125.87,60.45,0.18908,65.42,7427921,4883693,105404,235824810962
0.3906,2.1741,-0.4645,0.6915,145.5,0.932,0.0155,0.5422,0.0892,0.0719,1.5955,0.01,120.48,53.56,0.35761,66.92,7860825,22659659,475375,45918072539
0.4939,1.8805,-0.2866,0.633,133.6,0.945,0.0176,0.7119,0.3427,0.7937,2.4575,0.01,115.74,36.47,0.37114,79.27,9138283,22719845,574533,179101690608
0.3081,1.0391,0.0934,0.769,247.5,1.143,0.0153,0.5903,0.7037,0.5273,2.8328,0.01,141.69,53.99,0.04015,87.7,2917752,21319327,902742,81444308936
0.6403,1.2903,0.0392,0.5638,195.4,1.031,0.0195,0.5331,0.7804,0.5375,3.075,0.01,121.31,40.49,0.06369,80.82,7743239,15262102,397500,55500374280
0.6548,2.9318,-0.2065,0.7905,247.0,1.162,0.0186,0.1572,0.5483,0.6321,4.8545,0.01,100.8,35.14,0.25968,65.66,5703155,11679495,864508,33689249017
0.4019,2.3531,0.0902,0.7087,202.8,1.085,0.0128,0.6226,0.6661,0.6445,0.7933,0.01,158.52,75.45,0.03239,83.07,2858902,21454614,739830,63658080751
0.302,2.0642,0.0307,0.5507,152.0,1.043,0.0144,0.5046,0.5536,0.5463,0.8578,0.01,123.09,52.43,0.36904,70.66,1700202,5581288,965235,156350214791
0.4845,1.2476,-0.1267,0.5014,159.9,0.947,0.0077,0.4681,0.2414,0.1165,0.7036,0.01,100.6,38.79,0.29392,61.81,1949018,16764341,334568,189633259519
0.2517,1.6462,-0.082,0.5986,218.9,0.91,0.0068,0.1459,0.1869,0.2117,1.0246,0.01,134.9,45.75,0.34112,89.15,12054944,22602275,91199,11357077325
0.4633,1.5941,-0.4603,0.6743,165.1,1.038,0.017,0.7881,0.3702,0.7666,3.305,0.01,129.29,36.54,0.30708,92.75,7472206,9589976,656202,165463981679
0.6926,2.1479,0.3572,0.5423,127.4,0.991,0.0111,0.4003,0.3393,0.5493,0.5695,0.01,158.13,62.58,0.28557,95.55,1082375,5498875,624956,129672145400
0.5781,1.795,-0.3669,0.792,125.1,0.944,0.0144,0.6144,0.5576,0.1377,0.9068,0.01,107.55,50.11,0.02506,57.44,2645495,14059508,262944,244487262412
0.7016,1.1802,-0.3962,0.7466,256.9,0.983,0.0132,0.7262,0.1464,0.3122,6.5761,0.01,131.15,70.91,0.05777,60.24,8154515,11106151,580241,36277500365
0.4954,1.7299,-0.2747,0.7259,141.7,1.03,0.0098,0.1128,0.7174,0.4247,0.695,0.01,125.91,71.23,0.2543,54.68,2389762,6266171,68433,139357646688
0.6316,1.1178,-0.1495,0.7761,253.3,1.148,0.0079,0.1948,0.7137,0.0534,0.8714,0.01,149.27,71.05,0.38545,78.22,2580004,5511929,635629,70502639743
0.538,2.866,-0.4238,0.7486,220.9,1.108,0.0054,0.3726,0.7623,0.4729,1.1471,0.01,166.09,53.78,0.39276,112.31,7833407,6721038,884336,223799440919
0.4882,2.4821,-0.1776,0.6767,181.8,1.074,0.0092,0.1991,0.4215,0.5367,6.5187,0.01,146.52,58.03,0.21561,88.49,6233583,13949891,376549,189055262368
0.5937,2.9851,0.1626,0.6685,224.5,0.937,0.0081,0.7904,0.731,0.4504,1.3324,0.01,165.07,56.5,0.07051,108.57,12212614,15687032,964218,62433386287
0.5586,1.374,-0.1025,0.6965,132.7,0.923,0.0115,0.7364,0.177,0.2818,2.527,0.01,152.9,40.69,0.21511,112.21,11450751,8291083,337161,84743593009
0.5039,2.1664,-0.1107,0.5869,138.0,1.052,0.0108,0.47,0.3547,0.5167,0.7183,0.01,114.21,73.08,0.23288,41.13,9969314,16634990,45208,151396766397
0.7439,1.0927,-0.4728,0.6368,243.5,1.192,0.0075,0.6812,0.2561,0.4442,0.7986,0.01,153.25,74.92,0.18046,78.33,11581547,16299607,303215,22997175794
0.3087,1.1475,0.0152,0.7164,232.2,0.959,0.0141,0.5488,0.5378,0.0476,0.1694,0.01,142.15,41.21,0.01857,100.94,3884091,10044645,244805,8327037151
0.2998,2.1999,0.075,0.7812,153.8,1.008,0.015,0.2854,0.1619,0.5668,0.7205,0.01,108.04,56.92,0.11121,51.12,4447350,22257238,590739,228436715194
0.3779,1.8375,0.3835,0.6042,249.3,1.064,0.0181,0.3876,0.1044,0.2876,3.2058,0.01,136.74,59.71,0.31236,77.03,4688653,6987706,438171,120784685365
0.546,2.14,-0.259,0.7156,193.6,0.974,0.0159,0.6487,0.2731,0.7957,0.762,0.01,115.32,42.02,0.13826,73.3,4230959,8059010,33543,59680363820
0.5289,2.8458,-0.4032,0.6378,201.0,0.95,0.0056,0.307,0.3881,0.4538,0.8358,0.01,148.7,75.38,0.36275,73.32,11052231,12566741,792015,131130161198
0.4518,2.2502,0.4131,0.7443,257.9,1.06,0.0052,0.1852,0.0507,0.0122,1.4799,0.01,120.28,75.66,0.0509,44.62,12710720,16106361,588755,56331335605
0.6968,2.265,-0.0785,0.5648,233.2,1.122,0.0077,0.2004,0.3668,0.5386,2.8377,0.01,146.31,68.7,0.46704,77.61,12620216,11986583,198646,168742520883
0.3338,2.9508,-0.1887,0.6231,212.7,1.18,0.0112,0.2633,0.2235,0.3275,8.4764,0.01,169.39,68.55,0.12584,100.84,13702624,4570464,347716,177053270935
0.4296,2.9576,-0.0925,0.5293,135.0,1.172,0.0144,0.1046,0.414,0.6379,2.4729,0.01,123.45,53.07,0.47516,70.38,7146130,19415535,860124,244718461793
0.5074,2.0523,0.2041,0.5711,245.7,1.149,0.0061,0.3561,0.6684,0.2019,2.9167,0.01,147.03,70.52,0.27582,76.51,6244637,21735533,120060,71465340536
0.6249,1.0564,-0.4476,0.5785,130.9,1.175,0.0083,0.3676,0.4628,0.5788,2.1092,0.01,142.37,48.55,0.38491,93.82,9527654,22201060,665774,156569855326
0.4818,2.6593,-0.4501,0.5215,122.3,1.103,0.0149,0.1389,0.007,0.2749,0.6707,0.01,167.36,55.82,0.29558,111.54,7847618,15753046,556720,229873133409
0.3864,1.1228,0.0282,0.762,193.7,1.192,0.0184,0.4327,0.138,0.2773,0.68,0.01,151.46,64.98,0.38916,86.48,9013704,20142678,247332,46725173812
0.6857,2.1262,0.1268,0.6955,164.0,1.105,0.0077,0.2508,0.6241,0.0897,1.2074,0.01,121.26,72.25,0.37258,49.01,12032908,15921282,734010,171251942752
0.3095,1.1708,-0.0397,0.7465,185.2,1.123,0.0144,0.2752,0.3628,0.698,1.1008,0.01,150.4,42.93,0.4689,107.47,13011986,16041967,111084,184475951345
0.5165,2.5041,-0.469,0.7863,269.7,1.143,0.0099,0.4917,0.736,0.3889,0.652,0.01,119.99,39.52,0.37608,80.47,3415765,14338085,891625,104084309703
0.3074,1.6315,0.1168,0.755,167.2,0.979,0.0118,0.1285,0.4434,0.1773,0.2688,0.01,163.68,49.3,0.20297,114.38,7539838,15740870,797827,170882657568
0.3746,2.2779,0.149,0.6463,148.2,1.153,0.0168,0.5293,0.3413,0.0847,0.9047,0.01,115.4,63.47,0.29465,51.93,13126459,4082089,81068,108549904856
0.3106,2.3136,0.1315,0.5977,201.6,1.066,0.0071,0.7347,0.6734,0.3775,2.853,0.01,124.88,62.02,0.01756,62.86,12242309,13605968,566206,119233269838
0.7441,1.0468,0.1673,0.7025,261.1,0.933,0.006,0.281,0.7432,0.1393,0.9796,0.01,156.23,70.6,0.02109,85.63,9984816,5285912,378913,147683569290
0.3472,2.1156,-0.2033,0.5905,187.2,1.063,0.0105,0.7715,0.342,0.1733,2.1862,0.01,141.18,60.41,0.48103,80.77,4661354,16781969,579636,73532090158
0.7493,2.7091,0.2847,0.6416,131.3,1.048,0.0124,0.4265,0.5311,0.6906,0.9006,0.01,167.76,65.33,0.38835,102.43,8606451,19182336,408871,205504901082
0.402,2.5419,-0.1762,0.7208,249.1,1.042,0.011,0.337,0.3927,0.1903,1.8872,0.01,145.33,48.93,0.08057,96.4,4703501,19891228,888999,56850871097
0.6232,2.9118,-0.4267,0.658,240.3,0.906,0.0192,0.7871,0.0086,0.6046,4.1155,0.01,160.07,61.34,0.42469,98.73,3278194,11299424,452999,203830807438
0.5419,1.6404,-0.0698,0.517,195.6,0.95,0.0052,0.7633,0.5825,0.5144,2.1799,0.01,168.57,45.61,0.24505,122.96,7629426,11098376,659119,139933479144
0.3796,1.077,0.313,0.7782,171.0,1.079,0.0139,0.151,0.056,0.41,2.6414,0.01,133.91,45.16,0.2135,88.75,1837501,21882682,719661,133365191903
0.3054,1.5369,0.3808,0.7784,152.4,1.163,0.0052,0.6198,0.3558,0.2239,1.0879,0.01,122.12,53.51,0.37898,68.61,11419518,19494620,821829,141772482036
0.6744,1.7863,0.2416,0.7118,159.2,1.123,0.012,0.4124,0.5772,0.4299,1.0781,0.01,146.43,63.69,0.38827,82.74,12954832,6097890,64323,101691976193
0.7224,1.5003,0.2801,0.7304,140.9,0.925,0.0091,0.697,0.3729,0.5734,1.6814,0.01,110.7,45.78,0.39926,64.92,2817488,20243038,124973,234547792527
0.6437,1.8406,-0.2706,0.6425,201.3,0.983,0.013,0.4807,0.113,0.7017,1.2441,0.01,111.67,65.66,0.12892,46.01,6351337,21795235,763953,183750144749
0.4488,1.4996,-0.3309,0.6056,121.2,1.025,0.0102,0.7979,0.0316,0.5071,2.391,0.01,137.84,53.02,0.0225,84.82,10867952,12475277,101682,13237989222
0.2966,1.0176,0.1029,0.6938,121.1,1.042,0.0102,0.7804,0.4026,0.2197,0.3246,0.01,128.91,40.66,0.39014,88.25,10614136,22229209,670863,246194922921
0.2661,1.3266,-0.1802,0.7355,167.4,1.196,0.0171,0.6344,0.0471,0.0135,0.2592,0.01,161.46,46.76,0.17433,114.7,7024793,7261906,375958,60368001953
0.5602,1.0905,0.2172,0.588,205.0,0.99,0.0155,0.6319,0.289,0.7204,0.1744,0.01,106.63,42.89,0.09577,63.74,5015770,22426845,340934,137396449499
0.4145,2.2128,-0.1299,0.529,176.3,1.171,0.0186,0.6555,0.2546,0.6731,0.5409,0.01,152.5,44.53,0.17062,107.97,13386211,17631309,73602,48976446366
0.5626,2.461,-0.4271,0.701,166.1,1.157,0.0127,0.1439,0.2817,0.0498,0.151,0.01,168.64,60.53,0.41347,108.11,11753252,16598377,414319,134412445719
0.416,1.2067,0.1906,0.7364,159.7,0.924,0.0132,0.7643,0.7967,0.0548,0.8214,0.01,118.72,40.29,0.03469,78.43,12114317,11791035,235331,175903492203
0.5815,2.5294,-0.0626,0.5714,255.5,1.017,0.0187,0.3949,0.0573,0.6186,3.5097,0.01,129.42,57.14,0.34683,72.28,11717473,11941912,660392,49602658230
0.2789,2.5938,-0.0462,0.7627,204.6,1.106,0.0064,0.2118,0.4492,0.7964,1.0088,0.01,119.63,74.09,0.37826,45.54,5568685,15418496,653754,68271928683
0.3298,2.0505,-0.0027,0.5484,174.3,0.975,0.0166,0.1453,0.4062,0.5878,0.3938,0.01,136.54,59.56,0.30391,76.98,11237547,17481151,947525,27706844120
0.719,2.6128,0.4328,0.7272,213.6,0.996,0.008,0.2625,0.1914,0.3015,0.7418,0.01,130.79,36.24,0.21785,94.55,13878701,22850303,419491,84865686068
0.4408,1.6075,-0.4926,0.7979,235.9,0.99,0.0108,0.6265,0.2492,0.3777,0.4343,0.01,108.64,57.81,0.18796,50.83,11162486,11178949,293363,21945328514
0.6682,1.2155,-0.3796,0.6352,185.9,1.145,0.0166,0.1398,0.0252,0.7574,1.7041,0.01,123.67,75.13,0.17559,48.54,6557026,20986657,366436,203622078964
0.4374,2.9539,-0.4629,0.5256,224.0,1.043,0.0065,0.4551,0.651,0.1607,3.9149,0.01,108.23,38.67,0.27454,69.56,3142561,18257709,974381,160485005263
0.438,2.4622,-0.4324,0.5534,130.5,0.987,0.01,0.338,0.3484,0.657,0.3109,0.01,117.13,48.66,0.30634,68.47,6159686,15897592,760933,59350852579
0.5908,2.8377,-0.0111,0.5922,219.2,1.197,0.0191,0.7596,0.5502,0.3866,0.8282,0.01,137.55,38.84,0.15503,98.71,13064232,12652463,712479,120634093799
0.5005,2.5593,0.3347,0.6017,199.3,0.903,0.0137,0.2273,0.3704,0.3036,1.0297,0.01,105.25,43.8,0.33119,61.45,13032571,17221750,285423,111043434803
0.7356,2.411,0.3214,0.7801,257.2,1.092,0.0151,0.2975,0.6924,0.0431,0.4518,0.01,119.57,52.6,0.36125,66.97,3739303,14102228,220994,196048175204
0.3963,2.2703,0.4031,0.6518,204.0,0.909,0.0102,0.7682,0.4002,0.307,0.1998,0.01,155.32,35.27,0.0275,120.05,5244234,8760190,297407,151059295817
0.6303,2.6936,0.2696,0.6825,121.0,0.975,0.0115,0.6588,0.3474,0.6824,2.3376,0.01,145.29,79.12,0.49918,66.17,6542312,6633842,517257,163482256913
0.5441,2.9754,-0.4386,0.5297,235.1,1.196,0.0119,0.7284,0.2022,0.6031,0.3171,0.01,149.77,44.09,0.02781,105.68,12173998,9424077,228578,133083071452
0.3858,1.4213,-0.4597,0.7512,155.5,0.957,0.0133,0.2572,0.319,0.0305,0.3393,0.01,120.17,57.88,0.33702,62.29,3974550,14177461,514804,157186801290
0.433,2.3855,-0.2652,0.6481,170.0,1.039,0.0115,0.2244,0.5439,0.1699,0.9531,0.01,107.42,36.94,0.3608,70.48,9821735,19317630,58535,9653381327
0.541,1.1375,-0.0345,0.7114,171.4,0.955,0.0145,0.6251,0.3607,0.0823,2.1725,0.01,122.18,61.12,0.07399,61.06,6100528,22698443,169752,231184746653
0.6447,1.6651,0.4591,0.5144,132.0,1.146,0.0096,0.3088,0.4243,0.2855,3.5193,0.01,131.03,73.36,0.2414,57.67,12902396,7704318,401511,246599569052
0.2805,1.6094,0.4601,0.5816,139.6,1.113,0.0192,0.1895,0.2957,0.694,0.9422,0.01,167.15,38.58,0.17715,128.57,5966537,8635232,862681,121622671137
0.2676,1.9717,-0.3258,0.6917,170.8,1.078,0.0111,0.4933,0.473,0.4333,1.0494,0.01,150.3,63.34,0.44568,86.96,2106261,9167143,549613,54181493394
0.3997,2.5443,-0.4759,0.6104,135.3,0.969,0.0056,0.4828,0.1035,0.4605,1.0325,0.01,151.15,77.3,0.46542,73.85,12516472,14391863,778404,26888150886
0.4784,1.9072,-0.3833,0.5357,177.3,1.159,0.0075,0.182,0.537,0.5968,0.9322,0.01,132.45,41.25,0.42414,91.2,4867046,16693601,941028,216126472308
0.6574,2.9886,-0.3862,0.6102,141.0,1.14,0.0166,0.4354,0.3045,0.6828,0.4409,0.01,127.03,53.21,0.15804,73.82,3152215,16006801,876281,12999511033
0.2504,2.6445,-0.1307,0.712,198.4,1.03,0.0057,0.5152,0.5108,0.4693,2.1555,0.01,110.71,62.7,0.40405,48.01,12671538,12183565,903015,100289088489
0.692,2.6835,-0.0194,0.767,227.4,0.959,0.0052,0.2276,0.6577,0.3105,2.9676,0.01,112.35,52.01,0.31712,60.34,11011725,17039551,967498,24987856898
0.5178,1.6766,-0.0659,0.574,179.4,0.94,0.0193,0.466,0.3062,0.0046,0.4123,0.01,127.76,37.89,0.29719,89.87,10258052,22754076,927604,189785623379
0.2862,2.8334,-0.0683,0.5375,170.1,1.101,0.0087,0.4391,0.1605,0.1553,0.3048,0.01,167.1,43.49,0.10728,123.61,13056906,21127674,947630,55606851672
0.7032,1.0327,0.4657,0.6484,178.6,0.977,0.0103,0.4495,0.751,0.5588,3.0106,0.01,167.64,79.71,0.32713,87.93,1926837,14136824,459998,51132119026
0.4315,1.1155,0.0734,0.5729,268.7,1.077,0.0106,0.4667,0.507,0.1953,0.8259,0.01,113.95,49.03,0.15961,64.92,13397299,21700561,200981,93003183031
0.7217,2.8101,0.3774,0.6119,231.7,1.044,0.0142,0.3467,0.5688,0.137,0.7338,0.01,141.03,72.62,0.46576,68.41,3940862,10850525,494179,27263230295
0.5992,2.621,0.0061,0.6277,185.0,1.112,0.0114,0.1839,0.0495,0.4463,4.283,0.01,125.14,38.3,0.25817,86.84,3170543,4567007,881986,214041896146
0.5968,2.3995,-0.1875,0.6074,173.8,1.055,0.0199,0.6847,0.5745,0.0232,1.1306,0.01,139.42,43.63,0.38477,95.79,5885157,22287201,676333,193386542167
0.5821,1.7079,0.4948,0.6486,158.1,1.107,0.0142,0.6136,0.053,0.3912,0.636,0.01,152.84,45.36,0.11328,107.48,12397927,12169067,24698,177813611180
0.3933,1.0721,0.0187,0.7624,187.9,1.136,0.019,0.4905,0.5242,0.0597,0.42,0.01,119.35,50.8,0.16418,68.55,13334463,7808197,766447,213905455811
0.6467,1.5624,0.2725,0.5272,200.1,0.927,0.0063,0.1777,0.2663,0.033,0.7535,0.01,158.23,56.63,0.2967,101.6,9532862,13819165,865557,203193877295
0.5625,2.1908,0.3503,0.6144,221.6,0.998,0.013,0.6174,0.2222,0.2061,2.4801,0.01,152.13,61.8,0.06724,90.33,6747766,10061972,536336,50717989289
0.5739,1.1444,0.0794,0.5546,167.4,0.991,0.0119,0.5002,0.0608,0.0859,0.3911,0.01,136.97,50.52,0.11204,86.45,12307063,7487681,36784,105080070713
0.5703,1.4021,-0.2238,0.6357,197.9,0.93,0.0094,0.6747,0.5263,0.021,3.3727,0.01,169.06,71.22,0.41855,97.84,2978980,18163731,478089,71074061609
0.3461,2.848,-0.2171,0.5564,236.6,1.118,0.007,0.7836,0.4708,0.2246,0.2089,0.01,153.28,78.79,0.01554,74.49,3773509,18047216,686730,18365439119
0.55,1.009,-0.0532,0.5856,223.4,0.928,0.0158,0.5831,0.387,0.0262,0.7555,0.01,149.34,50.96,0.34855,98.38,5904615,15985791,40753,206457339430
0.3042,2.2993,0.3932,0.5361,250.7,1.094,0.0194,0.6876,0.4479,0.0616,7.0235,0.01,148.79,44.85,0.40112,103.94,4391605,22971545,35226,204921509122
0.608,2.0825,0.3695,0.5099,160.2,0.907,0.0113,0.3125,0.0634,0.3946,0.1726,0.01,110.24,38.62,0.39256,71.62,1865323,20454099,476799,48436858981
0.3016,1.0151,-0.124,0.6282,196.3,1.11,0.0061,0.543,0.422,0.478,1.836,0.01,150.1,54.39,0.32326,95.71,10627517,5708730,317303,191381603831
0.6435,2.325,0.0805,0.5596,162.5,1.177,0.0177,0.6051,0.1802,0.3636,0.5866,0.01,102.39,36.8,0.17379,65.59,4215711,16729034,346618,126442031766
0.5612,1.8221,0.0057,0.6576,126.2,1.056,0.0112,0.4631,0.4441,0.1977,0.4661,0.01,130.5,39.78,0.23992,90.72,5213342,13148964,989050,28913202108
0.3311,2.1317,0.0888,0.6292,122.1,1.028,0.0085,0.6216,0.5727,0.7678,0.5981,0.01,118.12,43.36,0.20927,74.76,10169574,22434147,660996,131503981371
0.4966,1.0441,0.0503,0.7094,262.2,0.99,0.0079,0.354,0.5009,0.6511,0.4876,0.01,144.39,38.75,0.05163,105.64,7878869,4653010,917486,182771005309
0.6127,1.7404,-0.101,0.6561,191.6,0.922,0.0155,0.7817,0.4913,0.0785,2.1354,0.01,111.8,45.4,0.06915,66.4,6854266,21024749,358113,144920705130
0.6976,2.4425,0.2825,0.6226,137.4,1.0,0.0094,0.2787,0.2602,0.6316,0.1758,0.01,142.09,77.77,0.28184,64.32,7645442,19456391,86491,209307290600
0.4897,2.9725,0.4773,0.5508,252.9,1.127,0.0078,0.3436,0.5021,0.0093,2.2406,0.01,123.84,63.72,0.2331,60.12,8823199,21769841,424680,64785744170
0.5089,1.6299,0.3129,0.7742,235.7,0.928,0.0084,0.401,0.7646,0.2351,0.3294,0.01,111.13,61.38,0.46059,49.75,6061851,9096802,51684,44112761481
0.724,2.9071,0.1545,0.5076,169.7,0.947,0.0088,0.4574,0.5716,0.1435,1.0264,0.01,105.3,55.16,0.49031,50.14,5405561,6565835,417727,75963966923
0.329,1.0689,0.3518,0.5769,186.4,1.136,0.0193,0.5621,0.0345,0.4294,0.7741,0.01,118.88,42.12,0.48435,76.76,12475213,13755942,524916,200729187316
0.411,1.0202,0.201,0.679,218.5,1.109,0.015,0.4435,0.7867,0.7159,0.5548,0.01,100.53,55.05,0.27983,45.48,13145794,17581672,479896,245752747603
0.3762,1.8516,0.0246,0.7003,268.2,0.922,0.0129,0.3545,0.4086,0.468,0.7274,0.01,113.89,49.45,0.08789,64.44,4534083,16439805,340355,227613071884
0.3686,1.1128,-0.0799,0.5341,179.2,1.113,0.0071,0.7033,0.0365,0.4966,0.1016,0.01,128.76,55.74,0.2681,73.02,10547847,7178604,861331,143935087086
0.4041,1.9997,-0.0953,0.5381,133.5,1.071,0.0117,0.2406,0.3819,0.2254,0.7393,0.01,115.67,70.66,0.15096,45.01,5422831,21351788,858613,164112077526
0.5269,1.094,-0.1137,0.6755,177.9,1.169,0.0118,0.5796,0.0714,0.5394,0.5841,0.01,105.03,64.92,0.48229,40.11,8165333,19119426,882823,116793145595
0.4545,1.5487,0.2459,0.5153,226.8,1.128,0.0156,0.5656,0.2181,0.7582,0.6585,0.01,152.42,46.34,0.0834,106.08,2280923,14784551,766121,148243317288
0.5711,1.5108,-0.1979,0.5284,192.0,1.168,0.0087,0.2739,0.5844,0.6007,2.2566,0.01,132.12,65.06,0.45718,67.06,12851920,15869817,907800,152693366326
0.6228,2.0228,-0.1922,0.7994,252.6,0.915,0.0096,0.6988,0.0093,0.265,0.7771,0.01,151.29,35.1,0.22166,116.19,7041061,5094984,683956,181288553216
0.251,2.827,0.0279,0.6567,259.2,0.911,0.0184,0.2771,0.0566,0.2164,0.4226,0.01,160.29,50.43,0.37378,109.86,8475910,19703539,606333,62922277137
0.3346,2.8097,0.2071,0.7537,142.1,1.093,0.0187,0.3945,0.3503,0.372,0.6254,0.01,136.15,69.33,0.03373,66.82,11855015,9308343,575399,80165208196
0.7054,1.1981,0.1817,0.5824,122.5,1.105,0.0107,0.3474,0.6763,0.6208,0.3616,0.01,149.83,71.53,0.28635,78.3,5032711,10983242,451460,197751159250
0.5678,1.2331,0.0118,0.541,256.0,1.16,0.015,0.6947,0.2343,0.3595,1.5742,0.01,133.44,61.31,0.10196,72.13,11588796,10241608,276897,33834935334
0.6037,2.8642,0.3793,0.6924,241.0,1.167,0.0136,0.2746,0.458,0.3543,0.4813,0.01,117.59,68.11,0.48338,49.48,6413822,7347104,922672,223701281827
0.4961,1.3035,-0.0918,0.6445,244.1,1.119,0.0185,0.705,0.5884,0.247,0.5764,0.01,129.22,41.06,0.4685,88.16,7502691,7992891,37725,200944882380
0.4505,2.1783,-0.0071,0.5316,231.5,1.163,0.0064,0.7105,0.3348,0.0097,0.5323,0.01,159.07,57.14,0.29248,101.93,3666431,21512027,471932,7420855320
0.675,1.0628,-0.203,0.6682,253.9,1.089,0.0136,0.1514,0.7177,0.2285,0.3107,0.01,142.22,79.21,0.35482,63.01,2552118,9283163,784829,64941648567
0.6907,1.965,0.098,0.6294,217.5,0.96,0.0149,0.1998,0.1757,0.7442,1.7259,0.01,167.62,56.35,0.32842,111.27,11136148,6086774,904767,30799919281
0.3559,1.1493,0.2499,0.6704,127.7,0.923,0.0159,0.5979,0.0703,0.5516,0.9129,0.01,152.04,65.48,0.25869,86.56,12791659,8837345,302214,83622436938
0.6954,1.4433,0.2866,0.7886,156.9,0.935,0.0146,0.2188,0.3407,0.234,0.145,0.01,142.43,58.42,0.26762,84.01,10123505,13211666,635866,20786675054
0.3133,1.3581,0.1781,0.7324,120.8,1.028,0.0079,0.3634,0.2676,0.4173,0.927,0.01,121.06,50.21,0.03413,70.85,8112127,15815339,916169,196099082848
0.5566,2.4001,0.4611,0.5188,241.1,1.185,0.0123,0.5064,0.6707,0.6474,1.2647,0.01,144.99,55.62,0.07912,89.37,3622942,17275752,139725,110453702782
0.324,2.4592,-0.3199,0.5915,176.2,1.086,0.0159,0.3107,0.7973,0.4918,1.0721,0.01,164.14,39.57,0.49482,124.57,8898411,5834782,183989,230128482766
0.7078,2.4911,0.4491,0.7489,243.9,1.098,0.0135,0.1792,0.4389,0.3857,1.55,0.01,159.6,43.44,0.14436,116.16,8555966,18584812,677423,78876222791
0.3893,2.5847,0.1054,0.7162,205.3,1.039,0.0134,0.3597,0.2683,0.6365,0.5912,0.01,129.56,65.39,0.20502,64.17,5900944,20614148,175336,115854609433
0.5806,1.191,-0.3994,0.5749,210.0,0.931,0.0093,0.3428,0.7666,0.4829,0.3022,0.01,163.23,36.73,0.04393,126.5,2544296,4256141,992268,68700362793
0.688,2.3363,-0.0564,0.7769,260.5,1.033,0.0081,0.1537,0.6036,0.1202,0.8742,0.01,113.47,69.78,0.3034,43.69,4010862,7291806,60122,195036112750
0.2825,2.0977,-0.2687,0.6602,240.6,1.114,0.0127,0.7518,0.6325,0.2066,0.6123,0.01,129.69,55.28,0.37091,74.41,2037459,5170209,507495,88195579096
0.5243,1.9371,0.4547,0.5369,213.8,0.957,0.0157,0.4058,0.5392,0.7108,3.823,0.01,166.22,46.07,0.30262,120.15,8570651,8337882,553527,44321922044
0.4278,2.5527,0.4103,0.5844,150.1,1.152,0.0097,0.1247,0.3609,0.7918,1.0589,0.01,111.58,52.3,0.08043,59.28,3022756,19011456,321607,25290654895
0.7417,2.0023,-0.1206,0.5805,143.4,1.082,0.0065,0.4413,0.7812,0.5412,0.5939,0.01,134.39,68.42,0.2059,65.97,9583191,21117142,945086,201594263319
0.44,2.4205,0.2267,0.75,140.4,1.179,0.0112,0.5557,0.1525,0.1888,9.7095,0.01,146.84,36.63,0.42995,110.21,6340590,5663187,762113,102305557311
0.7295,2.5692,-0.1327,0.5614,158.2,1.15,0.0065,0.3052,0.3383,0.4286,2.4026,0.01,164.59,55.96,0.30549,108.63,13611201,17436748,51317,240699385342
0.6751,1.1082,0.4072,0.5034,194.9,0.918,0.0195,0.6408,0.5368,0.6233,0.5254,0.01,159.31,35.03,0.32181,124.28,5273689,16670434,481296,81746302385
0.2798,2.4367,-0.2902,0.7674,158.8,0.919,0.0056,0.1982,0.527,0.0013,0.2041,0.01,120.88,60.35,0.39394,60.53,7926079,18480913,162065,145744466615
0.4385,2.1552,0.067,0.6756,144.5,0.954,0.0085,0.1694,0.272,0.4669,0.5481,0.01,140.86,56.14,0.43124,84.72,3090895,17154854,905175,44856742944
0.7138,1.8013,0.4501,0.564,209.2,1.13,0.0189,0.2379,0.5701,0.2314,2.7074,0.01,128.1,71.31,0.1106,56.79,6994074,16200831,201220,62105678341
0.4121,2.1809,0.0352,0.5023,144.4,1.067,0.0159,0.2034,0.4068,0.3488,1.0707,0.01,111.76,53.6,0.11988,58.16,12088343,10367519,204727,220446603319
0.3677,2.3779,0.3955,0.7528,243.1,0.917,0.014,0.7712,0.379,0.1589,0.9141,0.01,139.67,73.65,0.4265,66.02,11910120,8443562,632927,60474941715
0.4643,2.2385,-0.2505,0.6739,254.0,1.058,0.0153,0.7475,0.0618,0.1487,0.4933,0.01,118.92,64.93,0.14858,53.99,7321531,9862617,223962,134932827796
0.5031,1.2839,-0.2812,0.6613,162.3,1.179,0.006,0.7795,0.3657,0.2913,0.2308,0.01,118.61,41.83,0.35346,76.78,8244318,10140410,621078,154188051265
0.3805,2.9922,-0.0635,0.7202,190.8,1.138,0.0171,0.3522,0.732,0.7212,0.8405,0.01,157.68,38.46,0.2522,119.22,6289468,10265472,697552,165313217708
0.5973,1.3857,0.3679,0.603,141.4,1.12,0.0145,0.4353,0.1481,0.2257,0.3699,0.01,115.46,44.42,0.39123,71.04,7596426,5189493,331961,122689103639
0.7316,2.2867,-0.3448,0.5009,149.2,1.151,0.0113,0.6653,0.0161,0.4936,1.1425,0.01,145.08,39.87,0.33861,105.21,6482793,19433006,151889,102128889009
0.5379,2.9965,-0.0478,0.5876,269.2,0.926,0.0185,0.2258,0.4724,0.3147,0.4994,0.01,133.01,54.57,0.47792,78.44,2323549,13617891,835699,145820593771
0.4352,2.6982,0.2321,0.6523,236.3,0.969,0.0179,0.1333,0.6434,0.3578,5.2785,0.01,157.1,65.86,0.23637,91.24,13481068,7154300,396741,137578911677
0.6181,2.2459,0.4263,0.6189,180.6,1.146,0.015,0.2077,0.1743,0.2906,2.9432,0.01,119.7,51.47,0.24365,68.23,8208839,20245254,918727,68135792896
0.4208,1.2965,-0.03,0.5073,237.2,1.128,0.0174,0.5948,0.0209,0.6772,0.521,0.01,113.32,47.29,0.35525,66.03,3198618,14729603,164650,171660983691
0.42,2.2596,0.3358,0.7707,176.1,0.939,0.0061,0.4463,0.1354,0.565,0.2383,0.01,164.1,64.53,0.23452,99.57,11816260,9911213,65142,9728843073
0.7228,2.1036,0.3653,0.6289,135.6,1.06,0.0124,0.2522,0.5838,0.7384,0.4418,0.01,135.98,39.98,0.07599,96.0,10420621,6838479,587508,149682408316
0.524,1.5305,-0.0239,0.7243,174.7,1.124,0.0094,0.5308,0.1278,0.1234,2.4919,0.01,169.29,67.95,0.4492,101.34,11503682,10436817,56815,40640063853
0.558,2.9785,0.1828,0.7861,138.7,1.147,0.0103,0.4965,0.4129,0.0709,0.5214,0.01,141.01,41.77,0.37598,99.24,6908557,10477951,10645,38136780644
0.7154,2.0074,-0.2367,0.5207,220.5,0.909,0.0165,0.643,0.2365,0.7086,2.0666,0.01,122.52,40.97,0.16538,81.55,12998598,21244468,116974,92280635982
0.5859,1.6861,-0.0524,0.5062,222.8,0.905,0.0162,0.1503,0.0244,0.6159,1.1952,0.01,162.19,76.25,0.12133,85.94,9219254,19271105,849652,16052705481
0.2783,1.5995,-0.1743,0.6929,135.0,1.162,0.0176,0.5018,0.5525,0.4534,0.4255,0.01,160.18,41.64,0.42109,118.54,11206486,21285897,956904,166218637404
0.2918,1.2897,-0.4917,0.7729,192.4,1.188,0.0154,0.5345,0.5054,0.3291,0.9719,0.01,115.26,72.03,0.32473,43.23,8835806,21836616,127783,168848080784
0.7432,2.6722,-0.0103,0.7134,160.1,0.984,0.0072,0.3259,0.086,0.1922,0.414,0.01,102.68,56.79,0.21442,45.89,6216770,14475924,332993,164577818061
0.6525,1.1319,0.2682,0.6869,218.3,0.98,0.0074,0.6112,0.2197,0.0279,4.2498,0.01,158.33,40.94,0.37491,117.39,9612810,9634459,206376,101478027001
0.6704,1.083,0.4566,0.639,243.2,0.902,0.0197,0.6918,0.3588,0.6412,0.8785,0.01,168.36,51.29,0.19697,117.07,8515455,16999577,560094,206605397941
0.6925,2.8354,0.186,0.5901,155.8,1.102,0.0135,0.509,0.5954,0.2577,1.2538,0.01,105.99,43.37,0.02286,62.62,3988167,9244525,392236,28645978906
0.6146,2.9133,-0.1408,0.5895,132.2,1.159,0.0109,0.5365,0.2577,0.7828,0.6551,0.01,135.75,60.95,0.23393,74.8,11993682,7340786,868120,170760129662
0.3873,1.3939,0.1866,0.7129,128.5,0.945,0.0138,0.1094,0.0357,0.5857,0.2353,0.01,151.05,49.09,0.15033,101.96,11333439,6240645,899030,62872003983
0.3709,2.6379,-0.1035,0.6052,129.6,1.011,0.0178,0.3628,0.4049,0.1413,2.5918,0.01,138.48,45.17,0.11522,93.31,12256277,18196282,106446,27466816619
0.2721,2.4122,-0.2996,0.6804,176.8,0.91,0.0104,0.6027,0.4361,0.7057,3.041,0.01,122.92,35.64,0.05641,87.28,13952798,9189239,769688,31902123602
0.679,2.3797,-0.0814,0.6125,207.8,1.058,0.0103,0.2488,0.7563,0.6439,0.6328,0.01,116.72,49.92,0.4639,66.8,10272734,8209500,714537,69094360454
0.4053,1.4666,0.0684,0.7379,132.5,1.159,0.0104,0.4936,0.0412,0.0928,0.7828,0.01,145.57,67.84,0.16874,77.73,3662794,4611865,75082,79133691834
0.3371,2.8176,0.0788,0.5017,244.7,1.152,0.0097,0.4279,0.6442,0.2126,1.5236,0.01,130.21,56.03,0.45116,74.18,4584797,7537001,30463,235982289882
0.507,2.785,-0.0264,0.7309,202.8,0.912,0.0176,0.2181,0.7873,0.0419,0.3709,0.01,147.37,51.01,0.05866,96.36,9373867,7646523,112203,103882237292
0.7003,2.4477,-0.2399,0.6844,244.9,1.005,0.0199,0.6039,0.3181,0.0194,3.766,0.01,150.26,79.42,0.27207,70.84,10032184,4100911,274419,218824310332
0.6688,2.1354,-0.2118,0.5862,190.0,0.953,0.0062,0.2029,0.6231,0.4158,1.5923,0.01,132.38,43.01,0.41999,89.37,1122605,11404493,458911,229193887527
0.2993,1.6946,-0.3174,0.6359,120.5,0.995,0.0154,0.7336,0.7597,0.1449,1.405,0.01,124.8,71.97,0.24817,52.83,9130066,21392153,676136,52272469666
0.3048,2.3469,0.4798,0.6372,218.0,0.951,0.012,0.7856,0.7356,0.6893,0.6408,0.01,139.55,66.05,0.3007,73.5,3435228,14608031,427707,162654418161
0.5866,1.8687,-0.392,0.6413,168.3,0.944,0.0105,0.6311,0.3049,0.7815,0.2649,0.01,166.8,77.21,0.32858,89.59,12759683,6145352,387960,35080846080
0.7347,1.856,0.334,0.7899,171.2,0.955,0.0086,0.5543,0.3808,0.0748,1.0507,0.01,112.91,62.08,0.25622,50.83,13990342,7833496,359639,143676371017
0.6776,1.4567,0.2032,0.7385,182.3,0.954,0.0161,0.3457,0.722,0.5112,1.4896,0.01,105.74,44.75,0.29948,60.99,2095115,10356021,42176,204651408188
0.6065,1.9904,-0.1956,0.7062,198.1,0.981,0.0108,0.3094,0.0792,0.1277,0.9591,0.01,141.59,49.79,0.24194,91.8,3860936,11723656,563877,163588714738
0.6043,1.9945,-0.1439,0.6054,145.9,1.097,0.0172,0.1578,0.3334,0.4478,2.3846,0.01,114.01,47.24,0.21393,66.77,10181412,9907635,506469,46977973244
0.37,2.7676,-0.1592,0.634,186.7,1.148,0.0138,0.3732,0.0431,0.2055,0.4327,0.01,165.72,66.25,0.20094,99.47,1846018,10735623,190706,162772185403
0.4982,1.8977,-0.4169,0.5791,126.4,1.034,0.007,0.2354,0.4982,0.7656,0.2717,0.01,163.61,71.59,0.45752,92.02,6519143,13743563,15725,217900869428
0.3839,2.5647,0.4899,0.7424,170.4,0.914,0.01,0.4785,0.7882,0.3656,0.3529,0.01,161.27,66.5,0.36383,94.77,7941993,15353793,604228,190772767654
0.5206,2.195,-0.431,0.7082,131.2,1.045,0.0067,0.3062,0.3687,0.7414,1.0449,0.01,140.95,39.13,0.47268,101.82,4340582,8245170,944407,61446318463
0.5041,2.0189,-0.3239,0.7915,160.4,1.118,0.0147,0.6071,0.6065,0.6202,0.4537,0.01,137.1,78.45,0.10827,58.65,1400824,4349094,531407,171841100598
0.2595,2.0045,0.1413,0.5816,126.0,1.064,0.0131,0.5458,0.3842,0.2862,0.6445,0.01,164.62,50.75,0.06295,113.87,11290641,21902567,369142,233498892580
0.7124,1.6265,0.0748,0.6709,120.0,1.179,0.0113,0.3393,0.5002,0.1515,1.417,0.01,150.64,45.23,0.27766,105.41,7662497,9723634,737799,74311284648
0.4403,2.5632,-0.3358,0.5001,234.6,1.173,0.0104,0.4324,0.3826,0.6804,1.3538,0.01,159.67,37.83,0.28202,121.84,8329089,6863549,70142,188700122266
0.3091,2.1832,-0.1627,0.7427,137.5,1.121,0.0149,0.3514,0.6274,0.4997,0.6932,0.01,155.81,42.23,0.10121,113.58,4086428,21708123,252560,78070994105
0.7263,1.4069,-0.281,0.5083,135.8,1.179,0.0143,0.1214,0.1877,0.2408,0.5453,0.01,138.24,69.89,0.49241,68.35,2135693,6643661,596146,107066461868
0.734,1.8652,-0.3119,0.6941,228.4,1.038,0.0105,0.6338,0.1678,0.2034,1.3155,0.01,148.11,79.91,0.06587,68.2,6401129,15821176,747250,139814126403
0.4661,1.5569,0.4845,0.7328,163.4,0.904,0.0178,0.3577,0.5193,0.6386,0.5338,0.01,101.5,35.96,0.13665,65.54,9944187,7401284,603103,32806977052
0.4473,1.7153,0.1244,0.5712,169.4,1.134,0.0177,0.487,0.4338,0.1842,0.313,0.01,104.03,54.98,0.14418,49.05,2998501,18870904,647018,65183731098
0.4669,2.8766,-0.3105,0.5401,143.9,1.011,0.0199,0.5851,0.6477,0.4149,1.0022,0.01,110.2,39.33,0.27237,70.87,10327428,11359903,422426,196843950680
0.4557,1.0292,-0.2019,0.6003,250.1,0.914,0.0124,0.3507,0.264,0.666,2.2752,0.01,123.28,35.18,0.4382,88.1,13462664,15450717,910774,90303142933
0.5638,1.0525,0.2519,0.794,266.8,1.189,0.0172,0.7374,0.4962,0.5052,3.531,0.01,135.44,74.13,0.43733,61.31,3627943,14897521,818604,98669480113
0.7133,1.5795,0.2582,0.6658,202.4,0.918,0.0154,0.7569,0.4279,0.4216,6.8275,0.01,138.12,64.44,0.29503,73.68,12068798,22486598,595767,7685988657
0.374,1.9964,0.1256,0.5625,188.3,0.943,0.0167,0.2125,0.0918,0.7473,1.3594,0.01,102.29,47.81,0.3967,54.48,1069474,18130774,628686,72596650798
0.4754,2.7188,-0.1197,0.7185,220.7,0.945,0.0093,0.1971,0.7545,0.2481,2.6216,0.01,103.86,62.52,0.18703,41.34,12978438,20377587,668500,186053238500
0.4063,2.0858,-0.0738,0.5781,189.9,1.006,0.0131,0.6453,0.5326,0.7305,0.4609,0.01,163.37,65.9,0.28891,97.47,11808115,14289551,722362,194821553294
0.6331,1.7263,0.2888,0.7967,197.0,1.043,0.012,0.1707,0.0408,0.6242,5.4542,0.01,158.38,77.08,0.31141,81.3,2302564,13844032,68399,89333599185
0.4479,1.2593,-0.4157,0.6736,207.6,1.165,0.0184,0.4793,0.0235,0.6927,0.4009,0.01,101.78,45.34,0.42359,56.44,4043249,5718560,179141,114356721920
0.7092,2.2607,-0.4207,0.739,178.2,1.144,0.0057,0.404,0.3258,0.7662,0.5598,0.01,164.8,42.31,0.22348,122.49,7348420,18996228,705377,235431384944
0.5948,2.8786,0.2554,0.7558,239.4,0.92,0.0107,0.1263,0.2806,0.6278,0.7358,0.01,114.81,65.37,0.48416,49.44,3307577,18928295,614418,170451601091
0.293,1.3045,-0.1586,0.7851,175.1,1.107,0.0084,0.1012,0.6978,0.609,1.46,0.01,101.34,35.33,0.25718,66.01,12138083,19560127,970941,77540127529
0.3406,2.0618,0.0027,0.6621,194.5,0.954,0.0126,0.1808,0.2609,0.7357,0.3214,0.01,136.25,75.77,0.13613,60.48,9475760,21813656,248942,156782671801
0.6939,2.7702,-0.3905,0.6068,238.4,1.051,0.0092,0.7501,0.6888,0.7192,0.8905,0.01,131.69,72.27,0.05923,59.42,8542904,12534600,783475,212553020160
0.3258,2.814,0.3051,0.5565,266.1,1.125,0.0195,0.774,0.6024,0.5676,0.9376,0.01,145.85,42.44,0.3298,103.41,13252825,17079535,616627,234923659908
0.2971,2.716,0.2128,0.7004,214.2,1.064,0.0196,0.2956,0.1976,0.4547,1.3815,0.01,147.1,54.29,0.07458,92.81,8472093,18393357,835250,9387069924
0.7487,2.9625,0.4315,0.7619,210.8,0.953,0.005,0.4842,0.3037,0.6174,1.5111,0.01,167.21,55.92,0.41905,111.29,11727283,12665412,167211,98142113782
0.568,2.6285,-0.0762,0.7183,217.7,0.931,0.0099,0.5146,0.5102,0.5225,1.9119,0.01,121.95,67.48,0.47593,54.47,6732768,13976426,438718,218164071397
0.2839,2.5767,0.33,0.7531,161.6,1.051,0.0171,0.7731,0.6303,0.1322,0.6215,0.01,115.1,35.61,0.22864,79.49,1770081,6489566,400153,151106117431
0.4221,1.2411,-0.2666,0.5948,180.1,0.941,0.0139,0.3879,0.2907,0.2794,7.6448,0.01,141.44,45.54,0.03001,95.9,3345846,16082515,337839,38683839734
0.3649,1.6352,0.2284,0.5502,178.7,1.066,0.0113,0.5519,0.0773,0.5329,2.2842,0.01,161.58,77.66,0.31399,83.92,13966008,7431072,457904,13766680114
0.4745,2.4896,-0.0853,0.6859,122.6,0.971,0.009,0.1022,0.2165,0.2704,1.6171,0.01,157.36,59.18,0.3523,98.18,5501383,5005575,229058,15298698243
0.431,2.9256,0.2067,0.6803,153.6,1.016,0.0193,0.7062,0.3161,0.2223,0.5813,0.01,166.3,61.18,0.01805,105.12,5335858,10925313,943261,109553421564
0.6499,1.4139,-0.0707,0.6299,235.2,1.177,0.0063,0.4507,0.5909,0.406,1.7895,0.01,161.83,37.23,0.36293,124.6,6138469,14005989,973097,184336642159
0.6723,1.1829,0.4483,0.5112,191.0,1.165,0.0156,0.7404,0.3279,0.4216,0.9745,0.01,116.39,44.32,0.34578,72.07,13408969,12342091,85503,111680695769
0.6382,1.5461,0.2296,0.5088,182.4,1.158,0.0188,0.3773,0.1728,0.4341,1.6872,0.01,105.56,41.35,0.13866,64.21,2249826,7222814,49747,45821266998
0.5147,2.1077,0.1224,0.6732,208.1,0.993,0.0107,0.392,0.4941,0.0668,0.608,0.01,103.52,52.74,0.31971,50.78,5073957,16180393,601765,19710618838
0.565,1.7343,0.3886,0.5971,239.5,1.196,0.0152,0.3027,0.3985,0.4161,3.0589,0.01,123.17,75.89,0.28502,47.28,4367165,20299139,579162,37697170568
0.3732,1.0257,0.4706,0.5202,225.8,1.014,0.0071,0.7923,0.1091,0.1476,2.0196,0.01,130.39,79.3,0.17803,51.09,11187583,12814646,762919,104259833725
0.6991,2.2192,-0.3936,0.7369,268.0,1.129,0.0198,0.7984,0.213,0.3182,1.7682,0.01,134.57,48.86,0.07982,85.71,5390293,7090634,924913,69324622525
0.6359,2.9495,0.2308,0.6526,190.1,0.981,0.0198,0.5139,0.6003,0.557,2.8672,0.01,133.65,38.05,0.44957,95.6,4109044,15087519,42717,149482856915
0.3819,2.6949,-0.4015,0.7636,129.0,1.119,0.0147,0.7334,0.2093,0.5985,0.6772,0.01,166.55,48.18,0.25314,118.37,13738493,5446183,842106,43172581731
0.4435,1.7531,0.4831,0.7833,259.9,1.056,0.015,0.6188,0.1938,0.1991,0.4364,0.01,132.27,40.09,0.25026,92.18,12542015,22739937,613853,39249357715
0.7312,2.7972,0.3115,0.5105,232.8,0.966,0.0173,0.4134,0.7682,0.2424,0.2868,0.01,120.99,79.16,0.45151,41.83,3494183,20217620,648140,193740184026
0.5227,2.7301,-0.0166,0.7641,199.6,1.133,0.012,0.3135,0.729,0.3678,0.352,0.01,159.81,71.9,0.02374,87.91,8302365,17033391,489542,226338186525
0.5017,1.4328,0.2053,0.6048,205.6,0.968,0.02,0.6539,0.2507,0.1446,1.8626,0.01,161.51,51.78,0.23238,109.73,8973533,14466935,40676,126252664498
0.2642,1.3204,0.0133,0.729,167.0,1.114,0.0101,0.4617,0.384,0.6851,1.6501,0.01,100.39,56.86,0.19864,43.53,9444065,17653513,413118,159269185452
0.3511,1.8473,-0.17,0.5772,157.9,0.982,0.0119,0.3311,0.2937,0.4586,5.7587,0.01,109.44,59.41,0.14689,50.03,8793104,20005723,601008,243799822589
0.6626,2.4092,0.1129,0.7482,227.6,1.188,0.016,0.1739,0.46,0.121,0.2204,0.01,136.64,43.91,0.14748,92.73,6026517,13700996,121771,155282774603
0.3184,2.8611,-0.152,0.6531,133.2,1.045,0.0121,0.4313,0.2984,0.6331,0.5964,0.01,144.18,73.89,0.32084,70.29,10633749,10820577,708345,136576385892
0.6514,1.0653,0.338,0.6224,256.2,0.952,0.019,0.4471,0.1163,0.6126,1.5999,0.01,151.92,51.59,0.48778,100.33,3037298,6949036,327164,214296213480
0.6816,1.2615,0.3488,0.6182,254.7,1.028,0.0171,0.7116,0.5917,0.4009,1.02,0.01,162.13,49.97,0.2293,112.16,1091247,17717195,821360,51822081968
0.3667,1.3136,0.4782,0.5855,153.0,1.137,0.0081,0.2038,0.0047,0.2215,4.1535,0.01,157.14,70.12,0.08808,87.02,10059092,17977611,717862,61914055999
0.6694,2.7996,-0.2402,0.7523,120.6,1.124,0.0175,0.6604,0.288,0.7469,0.4903,0.01,150.91,56.77,0.35384,94.14,6194117,11583990,283909,57913408964
0.4499,2.0244,0.0212,0.6618,150.5,1.095,0.0161,0.4117,0.7499,0.0521,0.7255,0.01,166.46,53.94,0.3433,112.52,5433285,6593977,362310,190695431678
0.6638,1.4617,0.477,0.7268,163.6,1.067,0.0137,0.6065,0.7662,0.3006,0.1869,0.01,121.56,40.01,0.26022,81.55,4952710,5115950,919311,178049959471
0.5515,2.5038,0.1007,0.6502,183.6,0.957,0.0084,0.6159,0.3726,0.367,2.3761,0.01,140.63,59.37,0.10537,81.26,5635492,6680328,805463,146975014158
0.6222,2.7435,0.1644,0.7228,147.1,1.088,0.0053,0.286,0.1221,0.407,2.0435,0.01,139.17,48.27,0.32607,90.9,4831635,8569414,327929,106764074678
0.4903,1.9407,-0.2213,0.6921,157.1,1.046,0.0095,0.5749,0.6667,0.1134,1.0454,0.01,102.61,55.5,0.2457,47.11,9407367,9227746,799634,167980034240
0.6796,1.0852,0.0922,0.6874,207.4,1.161,0.0197,0.7199,0.6388,0.5377,1.5085,0.01,139.53,55.42,0.09542,84.11,3600305,19747457,471042,44657450087
0.5893,2.783,-0.3627,0.6243,230.9,1.02,0.0098,0.4181,0.7016,0.6463,0.423,0.01,167.93,72.69,0.14785,95.24,7286906,15890197,271677,246067938886
0.2709,1.2267,0.3854,0.6416,149.7,0.967,0.0161,0.2459,0.2783,0.5084,0.6491,0.01,121.87,76.15,0.27684,45.72,8388227,18187994,195768,117723226862
0.7208,1.0348,-0.4787,0.7451,159.9,1.029,0.0162,0.7511,0.6714,0.2661,0.114,0.01,140.73,63.59,0.29198,77.14,5202682,22896136,828372,129021812679
0.511,1.4274,0.4932,0.6211,229.7,0.946,0.0167,0.541,0.792,0.578,0.1532,0.01,124.6,45.91,0.26576,78.69,2409565,11424937,371449,163165735978
0.281,2.8523,-0.4867,0.6697,259.5,1.03,0.0161,0.4647,0.2272,0.4028,2.2988,0.01,156.32,35.94,0.24761,120.38,13089493,10317603,704857,239493052654
0.6563,2.0801,0.2104,0.6798,219.6,1.016,0.0089,0.2677,0.4333,0.7559,2.0852,0.01,155.94,46.15,0.15598,109.79,1783288,21439516,469551,219883331529
0.6305,1.4969,0.1849,0.6511,129.6,0.909,0.0147,0.2172,0.6962,0.4791,0.5581,0.01,118.27,37.98,0.06779,80.29,3891115,7140503,383514,33002747666
0.6982,2.0083,-0.1018,0.7472,202.0,0.985,0.0158,0.7183,0.6313,0.3742,1.7349,0.01,118.17,37.69,0.49749,80.48,8418560,5915906,452016,39432420296
0.3498,1.0744,0.0473,0.6011,222.4,1.096,0.0104,0.5012,0.1693,0.7399,0.9443,0.01,143.93,46.92,0.26312,97.01,6444687,19302351,685166,144069576578
0.3978,2.335,0.2399,0.7656,188.0,1.093,0.0091,0.3891,0.7006,0.0698,2.5236,0.01,101.67,37.52,0.28871,64.15,11981561,19085248,371243,173882619506
0.312,2.1585,-0.2786,0.7478,184.9,1.097,0.0108,0.1596,0.2556,0.6584,0.3283,0.01,131.91,37.55,0.34978,94.36,2335439,21308377,725493,220793115158
0.3453,1.6173,0.2441,0.7562,226.0,0.985,0.0076,0.3446,0.7328,0.3688,0.8455,0.01,116.21,51.16,0.18346,65.05,2464078,22384682,220534,18827314496
0.7116,2.3172,-0.2547,0.5228,261.7,1.074,0.0051,0.4674,0.4648,0.4144,0.1827,0.01,156.54,38.28,0.31914,118.26,13634833,18895521,46430,25527134189
0.3723,1.3321,-0.3561,0.6129,156.2,1.049,0.012,0.6692,0.2946,0.4619,1.5442,0.01,153.93,44.48,0.22097,109.45,10204119,10765358,215421,47208766803
0.6338,2.1183,0.4082,0.7722,245.7,1.049,0.008,0.1002,0.5601,0.2526,0.798,0.01,114.61,55.57,0.36976,59.04,4895910,8469295,868563,164258841817
0.7426,2.903,-0.0481,0.5059,165.5,1.149,0.0189,0.7069,0.3917,0.2159,0.368,0.01,169.1,62.88,0.19162,106.22,8073358,13263747,694321,52002045109
0.7257,1.8784,0.2938,0.5656,265.6,0.948,0.0172,0.5756,0.0595,0.1853,1.5003,0.01,161.02,49.23,0.41308,111.79,10303990,8694344,851407,226673392589
0.5256,1.8038,0.0636,0.5719,238.3,1.075,0.0058,0.4599,0.2825,0.756,0.9031,0.01,164.69,58.96,0.18627,105.73,7814989,14163228,28160,231523694403
0.4494,2.7935,0.3723,0.7865,264.2,1.143,0.0178,0.283,0.1199,0.1777,0.4161,0.01,133.11,47.16,0.19936,85.95,1444988,5257815,150974,242987782925
0.4958,2.3009,0.4147,0.5417,166.3,0.972,0.0105,0.2691,0.4817,0.6353,0.6991,0.01,148.86,66.8,0.36143,82.06,8200728,16971757,570920,173201682717
0.6136,1.1289,-0.0338,0.6867,224.7,1.08,0.0139,0.7586,0.7472,0.6856,1.2124,0.01,103.77,35.37,0.3705,68.4,1722173,13551961,398681,12728700060
0.7102,2.3654,-0.2008,0.5192,177.8,1.186,0.019,0.223,0.5504,0.0244,0.3145,0.01,138.17,51.95,0.31126,86.22,2184568,21759864,597175,76151489056
0.4909,1.5761,0.0091,0.7843,252.0,0.963,0.0159,0.4289,0.6495,0.2616,4.3537,0.01,159.56,53.34,0.39496,106.22,7066738,22363452,23446,200122458528
0.2638,1.9265,-0.0083,0.5386,185.4,1.058,0.0093,0.4177,0.3215,0.3117,1.0618,0.01,115.83,53.16,0.38406,62.67,10015465,21268116,800662,26059512977
0.7083,1.9771,0.3813,0.612,240.0,1.007,0.0095,0.2815,0.7627,0.6967,3.4548,0.01,142.78,72.39,0.40581,70.39,5089626,15270346,674036,149162345506
0.4525,2.0349,0.1921,0.7973,143.4,1.016,0.0184,0.219,0.514,0.7382,4.0853,0.01,167.0,76.84,0.33259,90.16,3563799,13329616,330920,13526468746
0.405,2.5367,0.4014,0.5057,134.4,1.035,0.0146,0.1635,0.6015,0.3398,0.3635,0.01,149.93,77.04,0.03503,72.89,2969156,7777770,301240,38448048598
0.3614,1.859,-0.1173,0.5965,216.9,1.072,0.006,0.2013,0.4694,0.6059,0.2179,0.01,165.55,63.54,0.19509,102.01,2751575,20341338,97996,65668981436
0.2525,2.2412,0.0877,0.5776,209.4,1.087,0.0069,0.7157,0.4124,0.4654,1.0833,0.01,144.73,46.62,0.28054,98.11,4019626,6525882,194538,176172736005
0.3069,2.1695,-0.3764,0.74,258.5,1.085,0.0194,0.5851,0.0283,0.1281,0.5134,0.01,122.57,77.03,0.29101,45.54,12933122,21014267,368124,180826909358
0.2867,1.2798,0.1975,0.6497,189.7,0.955,0.0136,0.5409,0.6129,0.5359,2.1206,0.01,101.99,38.42,0.41455,63.57,2493457,5882196,46734,125052808216
0.2897,1.1653,0.2752,0.6423,252.4,0.925,0.0091,0.7956,0.2912,0.0578,0.5741,0.01,159.19,41.55,0.23773,117.64,3725798,9973835,576559,249406434588
0.6269,1.4721,-0.286,0.6386,213.4,0.975,0.01,0.3288,0.237,0.693,0.8877,0.01,139.34,40.76,0.17216,98.58,10669968,13099021,981190,208093349434
0.4344,2.6968,0.0314,0.6836,225.3,0.946,0.0182,0.5395,0.7677,0.4204,4.7615,0.01,156.15,67.43,0.33309,88.72,4342657,17727835,203127,85710674470
0.3392,2.6488,-0.1181,0.6384,131.8,0.968,0.0116,0.7617,0.7751,0.0731,1.4619,0.01,110.96,60.25,0.38646,50.71,8070518,15306337,984212,181640523660
0.3011,2.068,-0.1558,0.5982,129.2,1.167,0.0168,0.7007,0.7635,0.4925,0.4513,0.01,124.25,72.85,0.32132,51.4,6702383,4675403,432318,40244819013
0.4014,2.1132,-0.1119,0.7911,170.6,1.141,0.0131,0.4652,0.6459,0.1737,1.857,0.01,136.58,38.51,0.05272,98.07,12909321,10664187,372632,195308681170
0.5755,1.8094,-0.2293,0.5343,140.1,1.166,0.018,0.313,0.4888,0.1576,3.0555,0.01,124.21,56.97,0.06657,67.24,11035496,21372579,184894,105498723368
0.6943,1.781,-0.2204,0.5166,246.0,0.977,0.007,0.4206,0.7952,0.2386,0.1942,0.01,156.57,57.04,0.18341,99.53,5860778,13956953,182509,106417067062
0.3229,2.0216,0.065,0.641,187.4,1.091,0.0182,0.7606,0.4383,0.131,0.4119,0.01,126.76,36.68,0.2897,90.08,10397226,6463917,67055,172838467046
0.3039,1.8457,0.0844,0.654,140.1,0.94,0.0121,0.2232,0.6747,0.5484,1.7094,0.01,154.16,46.5,0.3353,107.66,3687141,4416848,535325,208385144517
0.5914,2.2432,0.4288,0.7781,228.8,1.194,0.0084,0.3802,0.0611,0.1545,1.1615,0.01,154.39,67.19,0.128,87.2,1345983,11330258,626511,46213650581
0.3877,1.8625,0.2529,0.5495,130.3,1.178,0.0103,0.7318,0.5995,0.0433,5.6597,0.01,164.34,58.24,0.16279,106.1,7377954,10586438,533181,161360437889
0.6802,1.3292,0.1799,0.6719,254.5,0.973,0.0151,0.3356,0.144,0.7527,0.9983,0.01,168.13,47.75,0.22802,120.38,8457075,10334837,328813,80988158832
0.3492,1.6674,-0.0187,0.6168,184.3,1.005,0.0072,0.7425,0.7707,0.3349,0.4854,0.01,128.65,74.97,0.34426,53.68,12324173,16239920,481182,168490728974
0.5642,2.1622,0.4858,0.6181,137.7,1.13,0.0056,0.2762,0.5631,0.1599,1.309,0.01,123.53,45.66,0.29655,77.87,6385922,14792252,607506,49259453135
0.7125,2.9193,0.439,0.6157,178.4,1.121,0.0114,0.4146,0.4196,0.2012,0.7125,0.01,105.35,36.0,0.43088,69.35,10352694,19482595,618106,82206634490
0.5165,2.595,0.0532,0.5884,179.1,1.189,0.0179,0.3625,0.5778,0.2897,4.893,0.01,146.9,59.58,0.47242,87.32,2147595,20684482,813257,94817177243
0.4102,2.4538,0.305,0.5282,143.1,1.029,0.0094,0.6746,0.0865,0.7179,0.579,0.01,168.75,64.35,0.25659,104.4,10142191,14110993,265550,23515147462
0.6345,2.7863,0.31,0.7045,149.4,1.183,0.0097,0.6094,0.7729,0.2827,0.3332,0.01,147.66,68.07,0.40915,79.59,7778770,7852891,289318,101855439362
0.6893,2.5913,0.0498,0.7406,136.3,1.044,0.0153,0.2533,0.2899,0.5623,0.7648,0.01,136.03,63.5,0.41958,72.53,3113537,5877426,776914,92364982020
0.5303,2.8505,0.2965,0.5827,261.6,1.108,0.0122,0.5571,0.5277,0.6607,0.8388,0.01,122.19,57.97,0.22703,64.22,5937343,8197222,70501,222355296885
0.4428,1.1886,-0.3162,0.6751,140.8,0.997,0.0087,0.6953,0.2428,0.7102,0.7234,0.01,162.83,72.91,0.19052,89.92,2713403,19669446,953498,146066911170
0.6124,1.1343,-0.059,0.6097,188.6,0.969,0.0161,0.2107,0.7112,0.3564,0.4318,0.01,119.04,47.72,0.12465,71.32,8649063,18320155,322544,211110395761
0.4742,1.2508,0.1273,0.7894,239.7,1.111,0.0157,0.2639,0.4254,0.3919,0.8081,0.01,169.61,55.0,0.17082,114.61,2017530,11751180,318875,81909732694
0.4691,1.7655,0.3614,0.5578,231.2,1.149,0.0109,0.2578,0.5123,0.55,0.5064,0.01,153.13,70.42,0.45793,82.71,11894665,19166626,991613,189374891004
0.5011,1.3008,0.0129,0.7678,210.7,0.989,0.0133,0.3613,0.3127,0.7456,0.7675,0.01,122.89,47.23,0.38948,75.66,3750330,13417832,264904,40429230317
0.5805,1.7111,0.1692,0.7096,256.5,1.007,0.0054,0.7471,0.6119,0.5261,1.5158,0.01,123.03,50.37,0.45991,72.66,8220224,16142936,871305,177566865381
0.5295,1.3517,0.3072,0.7411,264.1,1.117,0.0097,0.5646,0.2077,0.1139,3.7526,0.01,157.84,73.66,0.03657,84.18,5583999,10551567,326451,66222144056
0.4482,2.6619,0.0387,0.5654,260.7,1.063,0.0102,0.1401,0.2473,0.3361,0.3986,0.01,105.88,59.99,0.49458,45.89,2349731,7272483,824279,78218623324
0.2954,1.3312,-0.1468,0.6496,208.3,1.088,0.0182,0.3235,0.5062,0.3548,1.4866,0.01,137.23,36.42,0.28999,100.81,2806576,9375727,147211,237344492611
0.5438,1.234,-0.4413,0.7147,226.3,1.018,0.0123,0.537,0.0453,0.4109,0.4779,0.01,125.3,68.97,0.22727,56.33,7119585,17680265,953263,17886857389
0.4116,2.1564,-0.1561,0.7931,172.1,0.973,0.0117,0.2931,0.3859,0.1997,0.4735,0.01,166.08,63.06,0.45623,103.02,5373543,6764538,546005,195476453327
0.5485,2.429,-0.1042,0.5395,267.3,1.021,0.0151,0.6866,0.5866,0.3354,0.2432,0.01,137.99,61.45,0.06061,76.54,11272252,7949367,212526,222130387871
0.7043,2.4562,-0.4745,0.7506,203.6,0.923,0.0191,0.5031,0.7941,0.2764,1.3737,0.01,116.05,44.57,0.30868,71.48,3471713,14499978,980628,61415198993
0.2671,2.6864,0.184,0.6535,128.2,0.908,0.0067,0.2157,0.2156,0.3231,0.2838,0.01,125.77,64.62,0.29321,61.15,1647786,18457686,270639,148113001428
0.5408,1.8139,0.4243,0.6762,172.7,1.084,0.0059,0.3363,0.5317,0.1628,1.6399,0.01,129.93,74.65,0.23924,55.28,12690591,6069738,571466,169120966162
0.5998,1.8859,-0.0257,0.727,154.1,1.104,0.0175,0.6296,0.1843,0.645,0.7483,0.01,126.16,58.1,0.43163,68.06,12893844,15969549,90134,212856567868
0.3195,1.2256,-0.2557,0.6876,267.5,1.117,0.0178,0.6242,0.2443,0.768,2.7166,0.01,115.95,56.26,0.40287,59.69,2062949,20785583,76898,133166687297
0.3769,1.6796,-0.3671,0.6931,133.7,1.037,0.0126,0.3684,0.0269,0.524,0.8496,0.01,126.23,50.57,0.27543,75.66,11952644,18468487,294141,153492518518
0.631,2.8315,0.0514,0.698,248.7,1.149,0.0183,0.5873,0.0538,0.4117,0.2623,0.01,134.33,76.59,0.05496,57.74,13846201,16140017,915377,209446620638
0.601,1.3606,0.0195,0.6205,139.8,0.982,0.0131,0.5763,0.7338,0.5757,0.7117,0.01,123.11,38.92,0.39362,84.19,9454352,19205981,238429,183559286326
0.52,2.3421,-0.128,0.569,129.1,1.027,0.0126,0.5703,0.2357,0.2946,0.4078,0.01,163.07,68.44,0.15113,94.63,9497234,16397093,583742,136439563700
0.717,1.2655,0.1717,0.6774,202.6,0.939,0.0129,0.6215,0.2009,0.0917,1.5366,0.01,146.19,65.12,0.35935,81.07,1152029,19157234,462069,128706564221
0.472,1.8925,-0.4433,0.5797,260.9,1.19,0.0059,0.3826,0.1154,0.4226,0.3446,0.01,101.12,44.31,0.42643,56.81,2353663,6325560,503878,37206392182
0.2549,2.215,0.0089,0.593,254.1,1.198,0.0098,0.4195,0.68,0.1673,3.8791,0.01,136.9,36.29,0.37669,100.61,4147980,5686487,652361,146965906007
0.6244,2.6036,0.3422,0.5555,222.2,1.069,0.0126,0.5237,0.5731,0.0872,1.6642,0.01,158.85,64.66,0.12467,94.19,10502386,21617517,485213,99572094082
0.5117,1.602,-0.3342,0.6688,168.4,1.098,0.0103,0.2147,0.6335,0.5711,1.3788,0.01,147.26,47.14,0.30803,100.12,9570275,20528635,664794,111792273706
0.5839,2.0262,-0.4333,0.5392,121.7,0.96,0.0101,0.7865,0.1574,0.0293,1.3185,0.01,149.5,37.07,0.13,112.43,9302330,10231792,145041,101043127555
0.6962,1.5871,0.4341,0.696,250.6,1.047,0.0165,0.617,0.1387,0.1759,0.66,0.01,154.33,58.55,0.37357,95.78,12969651,15149400,898897,83410072884
0.2648,1.6608,-0.0756,0.642,216.0,0.996,0.015,0.3276,0.533,0.2548,0.5483,0.01,157.65,52.17,0.06479,105.48,8766246,12724947,325064,142377112417
0.4732,2.7408,-0.1847,0.7456,232.9,0.967,0.0123,0.7831,0.0725,0.1917,0.5723,0.01,160.6,63.98,0.28469,96.62,8581525,17067302,753930,204243728894
0.5274,2.5679,0.2748,0.6665,218.8,0.929,0.0194,0.5743,0.0759,0.7587,1.1264,0.01,137.05,69.08,0.27155,67.97,11564713,9511293,798355,59008174530
0.3622,1.7023,0.3001,0.5588,267.8,0.912,0.005,0.2225,0.4653,0.1582,0.7094,0.01,154.04,71.85,0.24031,82.19,8625580,22989789,311468,181204929245
0.3403,1.0106,0.2131,0.5735,246.2,0.978,0.0128,0.6977,0.7322,0.1109,0.8947,0.01,148.07,78.89,0.33081,69.18,3648923,11570975,890043,24026654751
0.4247,2.0687,-0.0849,0.6124,167.9,0.949,0.0145,0.3689,0.2031,0.5838,0.3569,0.01,130.29,48.31,0.40307,81.98,11697390,17467238,789362,130420444906
0.6014,1.7442,-0.4714,0.7759,219.5,1.187,0.0128,0.4948,0.7703,0.2986,0.3265,0.01,146.02,42.85,0.26269,103.17,8710296,12270212,723722,170127881164
0.3505,1.7003,0.2649,0.627,166.4,0.961,0.0085,0.7912,0.3763,0.1712,0.669,0.01,136.32,52.11,0.39216,84.21,3253789,21978610,407160,139503440813
0.4535,1.5645,0.3541,0.754,245.1,0.956,0.0089,0.3643,0.3633,0.1082,0.6667,0.01,123.6,70.01,0.37276,53.59,9104380,18984873,906250,64358455905
0.4413,1.3574,-0.3598,0.6084,198.6,1.099,0.0164,0.779,0.0655,0.4976,1.0556,0.01,121.57,60.86,0.14304,60.71,3917362,20118377,758007,231591262643
0.3674,2.0141,-0.3529,0.5178,178.8,0.988,0.0171,0.3248,0.1996,0.0798,0.6621,0.01,135.04,75.54,0.06864,59.5,5225030,12793953,655280,176482916625
0.4088,1.827,-0.3689,0.6456,266.5,0.991,0.014,0.2706,0.3111,0.1655,0.4595,0.01,150.7,35.51,0.04218,115.19,6986742,11779140,264381,104587760821
0.4149,2.3032,-0.2446,0.6829,199.8,0.924,0.0198,0.4161,0.688,0.6113,1.6217,0.01,148.59,76.93,0.02339,71.66,7635421,9536881,362779,38900987505
0.3619,1.9784,0.4376,0.6549,183.1,1.085,0.0091,0.1442,0.6523,0.7267,1.2399,0.01,158.69,63.15,0.42576,95.54,6048660,17778985,961761,159959385638
0.4672,2.8846,0.1988,0.6008,131.1,1.172,0.0135,0.3078,0.3302,0.2206,0.1908,0.01,139.96,50.32,0.24919,89.64,10560119,16177077,421570,97024841853
0.5989,2.433,-0.059,0.6002,134.1,1.107,0.0058,0.5104,0.0335,0.5016,0.7649,0.01,165.77,69.19,0.48958,96.58,13312651,22873098,396010,196396077187
0.5345,2.0953,-0.3015,0.6585,198.9,1.079,0.0125,0.7486,0.3578,0.2967,1.2185,0.01,121.48,37.29,0.20982,84.19,13022117,14569054,620011,93606790126
0.6135,1.5354,0.3735,0.554,149.7,0.946,0.0122,0.4473,0.6162,0.0346,1.1632,0.01,161.6,74.24,0.2642,87.36,11639312,8648567,667908,240313021670
0.3432,1.9038,0.3971,0.6154,193.4,0.906,0.0057,0.6465,0.1962,0.0323,5.1022,0.01,132.96,73.15,0.16464,59.81,8946597,19095125,352175,242454757724
0.5318,1.6899,-0.301,0.6094,168.1,1.132,0.013,0.4877,0.4656,0.6098,0.373,0.01,131.28,46.17,0.34226,85.11,3195141,6010333,466020,124625573094
0.3141,1.1548,-0.1068,0.6237,140.6,1.19,0.0174,0.3169,0.5031,0.7643,5.1477,0.01,119.12,41.87,0.44224,77.25,7129433,11462538,556375,248459791758
0.6364,2.247,-0.3066,0.7696,147.5,0.927,0.0054,0.3785,0.0113,0.6419,0.6811,0.01,128.05,60.49,0.2711,67.56,3797396,15107716,491365,58563942691
0.3223,1.573,-0.1834,0.7682,169.6,1.098,0.0127,0.483,0.4465,0.3876,1.5565,0.01,144.31,59.07,0.21837,85.24,2896559,8586435,995090,70325280448
0.4794,1.5096,0.4096,0.7126,190.8,1.064,0.0162,0.5691,0.1986,0.5012,0.1299,0.01,163.18,76.86,0.34284,86.32,8643338,16446457,47735,138822119628
0.418,2.4843,-0.3812,0.7492,211.7,0.903,0.0055,0.6147,0.2452,0.1541,0.3408,0.01,167.52,75.06,0.22393,92.46,9754821,6674977,440829,82694840191
0.2873,1.5962,0.0766,0.6676,256.4,0.953,0.009,0.7389,0.4423,0.4636,1.95,0.01,165.0,58.74,0.08577,106.26,4327560,13677023,290219,205086516431
0.4918,1.9595,-0.4897,0.777,223.6,0.9,0.0187,0.626,0.3451,0.7491,0.702,0.01,109.72,36.33,0.28793,73.39,10070396,14239987,851559,223042293758
0.7471,2.334,-0.4448,0.6993,124.6,1.002,0.0178,0.1016,0.5984,0.439,8.7235,0.01,140.8,49.38,0.4953,91.42,5816079,9060796,429302,230943997016
0.5104,1.0055,0.4711,0.7547,225.0,1.052,0.0148,0.5219,0.246,0.6484,0.503,0.01,141.91,36.19,0.05848,105.72,1414447,19863162,802760,127324696299
0.3469,2.9292,0.0102,0.6179,153.4,1.092,0.0077,0.1885,0.4531,0.11,1.9723,0.01,108.79,40.61,0.11343,68.18,1661104,10607693,352987,198917723114
0.4378,2.0388,0.4277,0.5249,210.9,1.116,0.0135,0.7999,0.1748,0.3958,0.5261,0.01,145.45,67.35,0.22064,78.1,6613878,16947297,468996,166012843294
0.4942,1.0894,0.3667,0.6333,124.9,1.062,0.0129,0.6585,0.7759,0.2815,0.2422,0.01,145.76,74.55,0.35053,71.21,7904141,7037131,82356,208956694938
0.6885,2.5515,-0.2079,0.5893,206.5,0.993,0.0065,0.1846,0.6679,0.5003,1.2365,0.01,101.46,37.18,0.20386,64.28,8490222,12443006,44036,215095671324
0.5429,1.873,0.1449,0.7363,189.4,0.981,0.017,0.4862,0.6079,0.4233,0.4951,0.01,158.94,79.5,0.07765,79.44,13757024,10022687,732741,129329698286
0.6209,2.7917,0.4556,0.5663,266.7,0.992,0.0197,0.1228,0.3156,0.3943,5.2127,0.01,163.46,41.33,0.04349,122.13,3524841,13910832,166408,123030134478
0.3169,2.8871,0.082,0.5966,154.2,1.094,0.0078,0.1416,0.002,0.592,0.3348,0.01,124.47,58.62,0.11268,65.85,1357407,12370697,874924,88587292261
0.5583,2.8028,0.4748,0.7124,224.4,1.153,0.0053,0.1123,0.2538,0.0559,0.4744,0.01,138.86,46.42,0.06255,92.44,1526142,12067870,287230,76698978664
0.6102,1.4757,-0.0439,0.7246,269.9,1.023,0.011,0.4292,0.3196,0.5305,0.8293,0.01,127.49,73.25,0.35824,54.24,2087844,15774415,223302,173576674898
0.5096,1.9217,0.2485,0.7026,226.6,1.178,0.0078,0.2049,0.49,0.7162,1.6913,0.01,133.06,61.76,0.36662,71.3,4995631,20625950,62188,205605656509
0.6379,2.1208,0.1199,0.6605,267.0,1.194,0.0142,0.5667,0.7714,0.5265,3.1135,0.01,163.95,61.88,0.1955,102.07,13284674,8954015,717391,156194468266
0.3924,1.2954,-0.1962,0.5601,168.6,1.182,0.0189,0.5084,0.1852,0.4592,3.4147,0.01,162.23,58.47,0.47108,103.76,10377970,12214112,669591,182563472395
0.5933,1.1008,-0.2732,0.7318,147.6,0.956,0.017,0.529,0.24,0.3509,3.3444,0.01,143.28,62.39,0.22184,80.89,9546149,15848475,757409,7218711699
0.6519,1.008,-0.4079,0.6771,255.1,1.109,0.0177,0.6054,0.0074,0.2978,2.7337,0.01,124.75,63.4,0.10363,61.35,12782485,12037084,80274,186927507210
0.7088,1.067,-0.4881,0.5624,211.6,1.141,0.0162,0.7553,0.5664,0.3795,1.0299,0.01,125.25,70.96,0.47742,54.29,10103237,18424291,242110,84366360417
0.2619,1.9552,-0.3414,0.6749,239.6,1.173,0.0072,0.3695,0.6407,0.5286,0.6266,0.01,163.74,62.3,0.33956,101.44,4032943,11488680,364299,245400937726
0.3882,2.7289,-0.2602,0.6275,157.6,1.009,0.0113,0.6479,0.1245,0.6618,0.2444,0.01,130.94,37.95,0.24097,92.99,1714662,17360112,780144,241690705345
0.3604,1.5826,-0.2149,0.5978,256.3,1.019,0.0115,0.6529,0.7516,0.1535,1.8795,0.01,120.35,63.36,0.16011,56.99,4262949,21870540,530409,72083663723
0.4317,1.9826,-0.0989,0.7334,268.5,1.021,0.0085,0.4259,0.6534,0.1145,0.2777,0.01,139.37,47.49,0.48175,91.88,13110136,16836355,35970,161816969336
0.7302,2.9272,-0.2136,0.7339,250.2,0.974,0.0075,0.135,0.2753,0.7092,2.3719,0.01,105.65,61.2,0.48903,44.45,8882517,14409636,730428,30106063654
0.4115,2.7572,0.0852,0.5768,239.2,1.191,0.0155,0.1466,0.1493,0.0756,4.5794,0.01,159.48,48.69,0.16688,110.79,8850846,4372270,631777,191934988444
0.4871,1.2457,0.3318,0.6467,153.1,1.082,0.0131,0.4489,0.661,0.3439,1.5298,0.01,160.04,37.06,0.06221,122.98,4647654,8547319,599588,220899909089
0.4175,1.9852,-0.2084,0.5519,185.6,0.933,0.0158,0.6905,0.7092,0.7032,0.4673,0.01,127.82,47.92,0.14583,79.9,12738589,22541261,130172,167080489800
0.5743,2.4792,0.0038,0.5197,173.0,1.178,0.0124,0.2665,0.012,0.1341,1.3063,0.01,155.25,67.37,0.01692,87.88,6815341,9788327,814982,49325919969
0.3444,2.5316,0.0977,0.7341,240.9,1.141,0.0152,0.5791,0.0692,0.6069,5.6975,0.01,128.46,71.7,0.18153,56.76,5114593,16373315,492852,35553894874
0.3948,1.1674,0.1949,0.5703,176.5,0.971,0.0143,0.7609,0.2122,0.3064,0.6744,0.01,136.41,46.01,0.20434,90.4,9655433,5009643,772475,53679777631
0.2614,2.5578,0.4429,0.6912,248.5,1.112,0.0061,0.3326,0.3508,0.1642,1.3573,0.01,132.25,42.42,0.13373,89.83,1430593,12607768,163224,29372566697
0.5951,2.9475,0.4861,0.5326,203.0,1.008,0.0074,0.5499,0.0173,0.7261,0.2566,0.01,120.8,42.77,0.01018,78.03,1486574,18545973,634135,140323747627
0.4464,2.9411,-0.4051,0.5676,205.7,1.049,0.0127,0.7824,0.7051,0.6947,0.4622,0.01,145.63,66.46,0.16628,79.17,5676249,17922415,180198,136884334730
0.4599,2.1325,0.4338,0.7932,162.0,1.015,0.0059,0.3005,0.146,0.7988,2.4448,0.01,155.12,55.66,0.49625,99.46,5655459,13070027,11464,153667851921
0.4889,2.8919,0.4251,0.5556,180.0,1.085,0.0102,0.4819,0.1256,0.7118,0.6056,0.01,166.57,42.1,0.01184,124.47,9924963,14560024,749705,151779792940
0.7059,1.6196,-0.3214,0.6258,227.2,0.963,0.0116,0.1658,0.2865,0.7852,1.4295,0.01,105.44,37.34,0.03273,68.1,12040684,21484560,487601,221845308891
0.4129,2.7488,0.1556,0.7751,238.0,0.934,0.0114,0.1162,0.5093,0.3828,0.3747,0.01,135.59,50.87,0.20773,84.72,6469216,5142249,141938,108622903792
0.5197,1.9678,0.0203,0.6901,124.4,1.142,0.0105,0.2408,0.662,0.0271,2.0532,0.01,130.15,78.5,0.30539,51.65,5151360,7669919,454517,131313900426
0.4433,2.2685,-0.2284,0.5286,251.4,1.024,0.0176,0.3185,0.5356,0.4322,0.185,0.01,149.61,52.95,0.44832,96.66,1899419,22092853,440202,218427751393
0.2944,2.6477,0.4005,0.7687,197.6,1.126,0.0159,0.1707,0.0831,0.3981,0.6644,0.01,144.82,65.95,0.05457,78.87,2827872,4065256,808825,190167136628
0.5467,1.3112,-0.2935,0.6309,238.9,1.09,0.0154,0.1202,0.6177,0.3601,0.1285,0.01,110.61,60.91,0.40664,49.7,1795071,16684465,465010,191620226613
0.6761,2.4235,0.2081,0.7965,173.4,0.903,0.0053,0.2799,0.1229,0.3449,3.7085,0.01,127.4,39.3,0.45659,88.1,3853609,4763689,551634,132127962193
0.6482,1.1735,-0.4709,0.5859,135.2,1.115,0.014,0.4732,0.3084,0.2186,0.8909,0.01,127.19,54.05,0.14935,73.14,9286527,20901122,866732,66912312008
0.5159,2.0919,0.4412,0.606,157.5,1.044,0.0127,0.2301,0.5477,0.6994,0.6183,0.01,145.15,68.49,0.18148,76.66,11602818,22269034,522244,193988261080
0.376,2.0327,0.3598,0.6811,226.9,1.166,0.0164,0.2822,0.2243,0.5511,0.3086,0.01,116.51,65.74,0.40702,50.77,4945862,14073461,639892,235337045026
0.7297,2.4037,0.3495,0.7277,255.3,1.131,0.0105,0.3213,0.4073,0.0965,0.8651,0.01,159.27,77.57,0.39111,81.7,7515592,4420781,330608,82431408162
0.6365,2.5084,-0.3583,0.5311,265.8,0.917,0.019,0.6333,0.135,0.6011,2.6984,0.01,162.62,36.1,0.17605,126.52,13645291,13466956,624554,242789848944
0.4625,1.4831,-0.0357,0.6452,190.3,0.964,0.0089,0.7942,0.0943,0.3625,0.6765,0.01,102.97,43.59,0.26227,59.38,10486683,6973288,618901,128164342268
0.4191,1.448,-0.3389,0.5137,246.1,1.032,0.0141,0.7254,0.1812,0.3647,0.1876,0.01,146.58,75.83,0.16368,70.75,4472615,18231248,983294,96869694555
0.7253,1.9601,0.1389,0.6713,242.4,1.103,0.0058,0.546,0.0321,0.3161,0.4642,0.01,131.4,68.64,0.48482,62.76,6319344,17565389,499661,239825411790
0.6117,2.7248,-0.4639,0.7343,127.5,1.108,0.0087,0.5182,0.4997,0.5187,1.3255,0.01,134.81,67.03,0.09498,67.78,3786046,5623878,146236,195613611842
0.4071,2.014,-0.2184,0.7789,230.4,0.979,0.0196,0.3228,0.4163,0.2887,2.1569,0.01,121.09,66.71,0.07471,54.38,1172776,13776100,160586,54572122632
0.7155,1.4682,0.3561,0.5722,123.1,1.034,0.0106,0.4779,0.516,0.3988,0.2262,0.01,111.52,57.46,0.12537,54.06,10318785,17420787,680258,155655916653
0.5308,1.3454,-0.3092,0.7611,165.8,1.087,0.0192,0.5606,0.3077,0.2046,0.5075,0.01,123.76,66.94,0.24323,56.82,12605754,20679350,249718,12290985398
0.711,2.078,-0.0014,0.7694,120.3,0.978,0.0165,0.5248,0.2259,0.5601,5.0571,0.01,154.23,54.87,0.0728,99.36,7870459,15590173,232738,134682773880
0.7167,2.3586,-0.0964,0.7949,134.7,1.139,0.0169,0.3032,0.2306,0.5121,1.1508,0.01,121.2,64.03,0.19983,57.17,13681340,19716658,320508,192795287050
0.6062,1.8575,-0.3733,0.7795,155.1,0.998,0.0109,0.371,0.1427,0.0454,1.1987,0.01,130.01,61.94,0.36351,68.07,10864817,11433925,547783,132354790813
0.2963,1.0003,0.4449,0.689,183.4,1.11,0.014,0.128,0.5589,0.0685,5.5169,0.01,142.85,64.3,0.42537,78.55,12005885,21938035,267397,237048401546
0.6143,1.6519,-0.3755,0.7732,130.0,1.012,0.0121,0.2214,0.0656,0.5476,3.6392,0.01,142.73,57.23,0.02909,85.5,8922784,17597652,864101,182091210891
0.403,2.9207,0.263,0.7249,255.9,1.034,0.0175,0.4751,0.489,0.5417,2.8055,0.01,138.69,75.55,0.0902,63.14,10084640,13926937,208290,83162203327
0.6766,2.535,0.1207,0.7302,215.2,1.11,0.011,0.2961,0.5786,0.078,1.1063,0.01,109.01,41.59,0.42254,67.42,11632790,8125956,378107,75340150684
0.7289,2.7949,0.4467,0.607,175.9,0.904,0.0145,0.5502,0.1397,0.0177,0.4475,0.01,128.89,44.15,0.14159,84.74,2243313,13390128,582016,43404641109
0.3599,1.5612,-0.1355,0.7219,210.6,0.942,0.018,0.1032,0.4044,0.2739,0.426,0.01,115.77,57.7,0.47852,58.07,13863539,15589374,450327,231842065023
0.6789,2.7792,0.1745,0.6537,186.2,1.076,0.0189,0.6709,0.7842,0.0087,0.786,0.01,125.55,66.75,0.40811,58.8,1457114,9660465,131887,224777203319
0.6258,1.6904,0.2472,0.5547,156.8,0.952,0.0067,0.7243,0.648,0.2841,0.8433,0.01,105.95,51.79,0.11044,54.16,5447694,8660730,886473,208562402344
0.3738,2.7601,-0.3321,0.5267,150.9,1.041,0.0081,0.29,0.5921,0.3221,3.1717,0.01,155.67,54.16,0.12188,101.51,10091514,12684537,415800,30008269232
0.3812,2.0626,0.1959,0.7214,211.1,1.1,0.0129,0.5823,0.4502,0.108,2.7802,0.01,162.67,52.57,0.09856,110.1,8136058,19353049,617419,9022891294
0.4561,1.3427,-0.4255,0.6611,260.8,1.007,0.0194,0.2324,0.4011,0.1041,0.992,0.01,100.28,57.32,0.4672,42.96,8139065,19960171,542460,62209718437
0.4039,2.2026,0.4928,0.6648,163.2,1.105,0.0167,0.1859,0.2961,0.2713,3.8412,0.01,117.29,59.21,0.46207,58.08,11219464,10839071,460693,20278801747
0.257,2.8892,-0.3034,0.5606,180.9,1.046,0.0082,0.611,0.5422,0.6553,1.6925,0.01,152.98,69.51,0.32382,83.47,9558568,4180233,563153,28351141209
0.6188,1.525,0.1703,0.544,122.7,0.964,0.0199,0.5803,0.0343,0.7782,0.6884,0.01,126.66,38.1,0.41759,88.56,2298480,6259037,594459,85403607163
0.3506,1.9084,0.4197,0.7199,209.8,0.939,0.0139,0.7539,0.2991,0.3382,1.4844,0.01,128.18,60.66,0.28409,67.52,5469184,8261854,540950,199324982105
0.3926,2.9901,0.3023,0.717,228.9,1.044,0.013,0.7134,0.4786,0.4044,1.3286,0.01,136.11,65.45,0.31659,70.66,6733846,7754677,812062,112443741124
0.5826,2.2336,-0.2416,0.757,138.9,1.191,0.0083,0.7934,0.0812,0.7251,1.9785,0.01,155.43,42.6,0.21589,112.83,12807382,6394219,679392,146341141473
0.3354,2.9166,0.0596,0.7665,226.4,1.154,0.0063,0.6378,0.1557,0.5646,1.8563,0.01,137.68,48.42,0.21648,89.26,5684852,14310287,873597,134144793922
0.6773,2.3217,0.424,0.7943,162.6,0.906,0.0109,0.5688,0.7483,0.1503,0.4559,0.01,164.22,58.53,0.28348,105.69,2586023,8778643,342579,88017206518
0.5009,2.1223,-0.2322,0.5258,264.6,1.133,0.0126,0.2475,0.4553,0.535,0.6238,0.01,117.86,66.97,0.12811,50.89,2506453,4907349,993735,104751359741
0.7453,1.0861,0.164,0.7053,250.0,1.062,0.0082,0.1476,0.487,0.7996,0.3955,0.01,117.8,35.83,0.08168,81.97,2167610,18854851,394075,52471802695
0.4592,1.9686,0.082,0.7237,209.0,0.965,0.009,0.5731,0.155,0.0959,1.1418,0.01,161.18,40.56,0.44502,120.62,4812984,10459241,521802,208797242146
0.4845,2.8961,-0.3135,0.6958,149.4,1.065,0.0157,0.4799,0.7786,0.5248,2.0025,0.01,157.89,60.14,0.44548,97.75,2699327,19530662,934230,12364635047
0.4706,1.4592,-0.4791,0.7052,212.7,1.004,0.0143,0.5534,0.137,0.7952,1.1165,0.01,119.22,71.44,0.07892,47.78,7704258,7521096,437626,32525725890
0.4913,2.9333,0.4538,0.7015,246.8,0.96,0.0179,0.5589,0.2051,0.0207,1.0741,0.01,138.02,68.78,0.3597,69.24,1286250,11756958,715409,115324541594
0.3381,1.399,-0.2579,0.7646,173.1,1.131,0.0185,0.4926,0.1008,0.6955,1.772,0.01,147.73,70.41,0.436,77.32,13716437,5202009,574080,215627354684
0.616,1.6109,-0.0506,0.533,219.1,0.988,0.0136,0.1593,0.0187,0.5297,1.1886,0.01,128.37,46.96,0.42985,81.41,10977984,12762298,615203,10245710287
0.5063,2.8389,0.4122,0.6491,183.8,0.956,0.0169,0.3148,0.7376,0.4355,0.5396,0.01,127.52,61.27,0.48856,66.25,2369552,22063861,728372,184135904065
0.6988,2.2626,-0.2164,0.6518,151.1,1.017,0.007,0.3209,0.3138,0.545,1.9046,0.01,158.03,56.88,0.46484,101.15,5344770,8171773,788696,225397378428
0.7199,1.3362,-0.2199,0.5819,225.7,1.077,0.0084,0.4525,0.323,0.6164,0.3806,0.01,107.65,51.71,0.39715,55.94,5482277,20081831,254300,172224397249
0.562,1.6754,0.0162,0.7525,206.0,1.032,0.0082,0.1524,0.6636,0.2293,0.6854,0.01,151.39,75.97,0.03789,75.42,5982022,20959847,435324,51364189658
0.5535,1.3402,-0.4421,0.6137,145.8,0.91,0.0098,0.1869,0.4428,0.3255,1.9243,0.01,144.07,75.28,0.15659,68.79,10232404,8496904,869560,91821690604
0.462,2.3195,0.346,0.6668,154.4,1.102,0.0118,0.7302,0.0013,0.3836,0.9758,0.01,141.12,39.83,0.29975,101.29,7049409,16360798,238940,92667730939
0.5133,1.5503,-0.4998,0.7872,151.3,1.183,0.0053,0.2053,0.6786,0.4726,1.1339,0.01,124.69,41.72,0.15711,82.97,11524612,5548020,986815,64079667197
0.4605,1.3829,0.3194,0.5227,232.4,1.146,0.0175,0.7852,0.1285,0.0104,0.4352,0.01,144.3,36.06,0.49268,108.24,10588607,12338647,912474,158982665106
0.3591,1.8385,-0.0324,0.5068,210.3,1.011,0.0185,0.3766,0.6503,0.7857,1.6552,0.01,162.41,67.29,0.15195,95.12,11868901,16862312,825145,54030770350
0.2791,2.7353,0.4954,0.5115,183.6,1.123,0.0095,0.2455,0.1452,0.4797,2.3036,0.01,129.39,58.38,0.38282,71.01,5770737,16497259,854353,46556319023
0.6051,1.5277,0.4676,0.6322,204.1,1.103,0.0098,0.489,0.431,0.2455,8.0515,0.01,151.01,42.97,0.13139,108.04,4194431,21092375,527246,180744759431
0.2681,2.6085,-0.3335,0.7074,196.0,1.0,0.0066,0.4011,0.6469,0.7433,5.8968,0.01,167.78,77.88,0.46965,89.9,7094896,21934222,488616,178721034806
0.6873,2.5991,0.2624,0.5591,173.3,1.013,0.0092,0.1084,0.0527,0.4858,3.6876,0.01,125.37,72.74,0.12101,52.63,4788871,5040785,278266,121710247843
0.3282,2.6267,-0.3959,0.6823,177.6,0.919,0.0091,0.5113,0.207,0.4642,3.4841,0.01,132.0,42.82,0.04041,89.18,9487592,20394590,164295,75044549805
0.554,2.1248,-0.4852,0.5205,206.8,1.129,0.0065,0.6634,0.6081,0.0054,0.3165,0.01,162.04,51.88,0.44009,110.16,4410970,12462404,84263,199920509379
0.5501,2.9835,-0.2925,0.6863,181.1,1.188,0.0168,0.4311,0.4697,0.3556,1.8692,0.01,153.13,73.0,0.09195,80.13,10243331,10095124,205403,63273919694
0.4416,2.7769,0.2983,0.7962,147.4,1.095,0.0096,0.6399,0.4299,0.6193,1.6998,0.01,129.07,63.3,0.13443,65.77,10719009,4324306,483072,135790712230
0.728,1.5888,-0.4945,0.6971,164.2,1.041,0.0192,0.1864,0.4412,0.7744,3.8508,0.01,131.36,51.3,0.15906,80.06,4544071,20650673,235752,196769002945
0.4572,2.4147,-0.094,0.6974,152.4,0.945,0.018,0.1545,0.4766,0.751,6.1439,0.01,140.25,61.64,0.46805,78.61,9659003,11855212,298383,138669748243
0.3804,1.4559,0.3154,0.7573,166.8,0.926,0.019,0.1529,0.2061,0.4424,0.9392,0.01,126.07,78.11,0.45589,47.96,7480066,8376203,92708,130163338602
0.5404,1.1797,-0.3787,0.779,249.2,1.172,0.0148,0.2564,0.7581,0.4706,1.3905,0.01,122.27,39.64,0.30246,82.63,10850826,9018767,639606,222611746515
0.4083,2.5892,-0.2562,0.5103,263.5,1.047,0.017,0.743,0.0276,0.4494,1.1915,0.01,158.5,67.16,0.40158,91.34,7266008,21232858,158341,114485182935
0.277,2.3626,0.0568,0.5322,247.7,1.155,0.0124,0.3821,0.6219,0.627,0.8202,0.01,162.0,65.64,0.13225,96.36,5133220,9004794,750833,47438080437
0.6838,1.5905,0.4478,0.5891,164.5,1.045,0.0178,0.6774,0.3017,0.5223,0.6471,0.01,102.51,61.71,0.45845,40.8,3049253,10199752,323242,123346544167
0.4675,2.1433,0.4367,0.7739,223.2,0.98,0.0087,0.1773,0.6055,0.6919,1.5014,0.01,139.04,60.6,0.19572,78.44,3267679,5427244,645910,184761354664
0.7411,2.5739,0.1668,0.7148,269.0,1.057,0.0173,0.1684,0.5226,0.7404,0.5429,0.01,150.58,77.56,0.19305,73.02,8444819,5385368,930458,67261281619
0.4775,1.5022,0.2247,0.7777,143.6,1.012,0.0132,0.7148,0.2106,0.3215,2.0132,0.01,167.89,53.86,0.10858,114.03,12492174,6370773,701203,227117019294
0.4651,2.4256,0.4669,0.673,135.5,1.116,0.0147,0.2709,0.6057,0.2635,7.2666,0.01,110.79,63.09,0.27396,47.7,7574313,19515053,955129,144587000752
0.676,1.2399,-0.3437,0.594,123.7,0.999,0.0055,0.115,0.1703,0.3193,0.6061,0.01,126.56,66.56,0.05724,60.0,6707550,11469369,16778,165004264652
0.639,1.0184,-0.0055,0.6398,214.8,1.194,0.014,0.3575,0.0378,0.0482,0.5848,0.01,103.03,43.3,0.17352,59.73,13348077,10955646,148087,186738259396
0.3828,2.6758,-0.0302,0.508,137.1,1.068,0.0169,0.1626,0.756,0.0629,0.3304,0.01,158.6,67.52,0.3254,91.08,1543959,4512776,269135,44928893125
0.7342,2.2314,0.4352,0.7453,215.9,1.152,0.0197,0.5354,0.4669,0.3993,0.12,0.01,143.6,50.47,0.2173,93.13,8178636,15647574,933570,37960100565
0.4809,1.4175,0.1043,0.6047,168.9,1.087,0.0188,0.5204,0.0906,0.0168,0.7805,0.01,117.72,44.89,0.13494,72.83,7405657,13375684,448253,58933117871
0.5359,2.3663,-0.4008,0.7398,155.2,0.901,0.0088,0.7226,0.5284,0.0657,0.6011,0.01,123.31,35.46,0.43343,87.85,3007540,18360517,98636,36973852620
0.7404,2.345,-0.1459,0.7661,148.9,0.982,0.0088,0.568,0.5207,0.5434,1.8129,0.01,169.46,49.41,0.2609,120.05,12295334,11639319,630229,26483854703
0.5733,2.6856,0.4689,0.7648,148.8,0.987,0.0055,0.5717,0.6904,0.3734,0.7044,0.01,165.63,77.94,0.20179,87.69,6880499,10693510,809211,83818350725
0.6374,1.7623,-0.4581,0.6884,207.2,1.077,0.006,0.4608,0.4157,0.6309,2.1439,0.01,168.08,53.65,0.02692,114.43,10794023,13323714,306901,116445681099
0.3147,1.1766,-0.3579,0.644,244.4,1.011,0.0145,0.4086,0.1898,0.2395,1.4521,0.01,139.86,45.1,0.01536,94.76,10957137,12526415,135670,27035620316
0.2907,1.1194,-0.0273,0.726,203.1,0.919,0.0075,0.1353,0.1234,0.2276,0.796,0.01,164.0,36.88,0.42275,127.12,4910916,13241402,110197,207761282985
0.3485,1.1253,-0.3944,0.5126,247.8,1.09,0.0145,0.2434,0.3009,0.0951,1.0974,0.01,154.91,72.8,0.19451,82.11,12487976,5851570,662843,225828088415
0.2827,1.4102,0.0772,0.5157,189.0,1.108,0.0182,0.1957,0.1663,0.0743,0.2462,0.01,106.12,52.47,0.44131,53.65,7556484,15339008,930721,186310166602
0.6539,2.2071,-0.1605,0.6584,236.5,1.065,0.0186,0.3268,0.1263,0.0652,0.9942,0.01,102.84,59.7,0.47838,43.14,5058220,12823712,12728,116897800975
0.5751,2.4944,0.4406,0.5247,235.5,0.984,0.018,0.4242,0.6359,0.4407,7.1332,0.01,119.77,37.64,0.2306,82.13,3182902,9609286,261866,159820087673
0.2912,1.2226,0.1801,0.7879,205.9,1.168,0.0119,0.2918,0.369,0.4876,2.5617,0.01,142.94,36.93,0.42923,106.01,13101966,14872734,433430,217221899650
0.4166,1.8161,-0.4558,0.6947,255.7,0.957,0.0125,0.2304,0.7385,0.1171,2.0371,0.01,153.45,61.63,0.34555,91.82,10428093,12498734,405724,175712726482
0.3321,2.739,-0.27,0.7232,262.5,1.182,0.0075,0.6246,0.595,0.7718,0.5649,0.01,144.49,67.67,0.36548,76.82,12362674,22409260,562097,11073974639
0.681,1.4042,-0.1072,0.7724,158.9,1.078,0.006,0.7799,0.7152,0.2516,0.4922,0.01,148.31,68.32,0.06496,79.99,12941888,11015896,699560,42096312463
0.5747,1.5541,-0.2951,0.5066,194.6,1.191,0.0104,0.4712,0.5041,0.7869,3.9943,0.01,139.72,48.77,0.48032,90.95,1879916,16879316,657196,40811097687
0.4737,2.7885,0.1473,0.5255,152.8,1.18,0.0146,0.5933,0.4807,0.7839,0.8349,0.01,107.32,57.45,0.265,49.87,8259169,18071818,528968,61173336844
0.4975,1.4785,0.211,0.5278,197.2,1.009,0.0155,0.7532,0.2346,0.305,0.296,0.01,150.0,54.17,0.30961,95.83,4558699,4166628,483234,192237418044
0.5768,1.9443,-0.1099,0.538,144.1,0.971,0.0063,0.749,0.6451,0.6179,0.4276,0.01,100.33,55.2,0.02181,45.13,8505969,4037905,627578,29687563466
0.6972,1.6147,0.1033,0.6115,202.2,1.124,0.0184,0.1607,0.614,0.1422,3.1436,0.01,112.18,41.45,0.48308,70.73,5610064,9112439,740853,10536285670
0.311,1.4366,0.4022,0.5632,182.1,1.037,0.0157,0.4064,0.0748,0.5796,2.0901,0.01,140.07,60.17,0.19887,79.9,4396256,11524467,758974,209748866209
0.3413,1.2639,0.1588,0.7822,129.4,1.002,0.0061,0.7174,0.0671,0.1563,0.1955,0.01,133.19,78.7,0.16136,54.49,5785057,15566275,558572,139168296636
0.585,1.3715,-0.1659,0.5989,265.1,1.197,0.0146,0.7083,0.3253,0.7457,0.3764,0.01,161.75,70.24,0.23007,91.51,1420570,7956126,113342,239187585043
0.5361,1.7398,-0.3857,0.7407,172.6,1.181,0.0192,0.5333,0.6973,0.6132,0.4886,0.01,163.82,42.25,0.31543,121.57,5515974,16822118,928507,85180414459
0.6035,2.8436,-0.2714,0.5142,136.0,0.941,0.012,0.4385,0.2623,0.0392,1.6433,0.01,138.94,59.16,0.47688,79.78,8597229,13662604,920558,64133477332
0.407,1.3228,0.0362,0.6839,257.3,1.022,0.0151,0.2667,0.3171,0.6631,1.1721,0.01,148.27,48.38,0.45357,99.89,13579139,10565525,29394,125539787862
0.4588,1.2812,-0.3291,0.7279,268.9,1.046,0.0064,0.6087,0.6628,0.5554,0.6144,0.01,128.61,42.74,0.08934,85.87,8751489,20198479,881184,22317744670
0.6442,1.5806,-0.1862,0.7836,216.9,1.054,0.0066,0.4077,0.7134,0.5097,0.4069,0.01,147.99,38.18,0.37426,109.81,1470395,12897252,685310,154766645837
0.4549,1.3975,-0.1641,0.5357,233.7,0.948,0.0175,0.4587,0.4834,0.5044,1.3443,0.01,140.44,76.78,0.21716,63.66,6936613,7560392,900397,47759046180
0.7355,2.6816,-0.2127,0.637,180.2,1.199,0.0066,0.1583,0.1062,0.1095,1.8007,0.01,163.9,35.54,0.18052,128.36,4065115,6296836,409307,30381236685
0.5506,2.3877,-0.0557,0.5363,158.5,1.01,0.0164,0.7015,0.2288,0.5181,0.4095,0.01,155.52,72.4,0.29037,83.12,3096108,18718991,226607,158521771755
0.6876,1.6986,-0.3772,0.7638,127.9,0.93,0.0051,0.2017,0.0104,0.26,1.9137,0.01,129.88,37.44,0.22284,92.44,1187891,12589537,380384,69714397825
0.5223,1.6387,0.325,0.5313,187.6,1.15,0.0111,0.3441,0.6576,0.3099,0.3347,0.01,133.29,77.9,0.17623,55.39,5408947,17984673,856979,90823463940
0.617,2.4769,0.4305,0.5849,264.4,1.071,0.0108,0.5387,0.7286,0.0283,8.133,0.01,125.63,46.7,0.45014,78.93,6601914,21187585,781945,116308704436
0.3033,2.8076,-0.0067,0.6033,236.0,1.123,0.0066,0.7204,0.0763,0.2896,1.2307,0.01,109.55,52.96,0.49789,56.59,4510608,16802287,81320,20423116162
0.4813,2.389,-0.0519,0.7007,252.1,1.053,0.0174,0.7298,0.1517,0.712,1.8999,0.01,127.26,76.41,0.2385,50.85,7946668,12974156,496752,240851918230
0.3194,1.2767,-0.0418,0.7423,237.0,0.965,0.0181,0.389,0.7923,0.2107,4.9151,0.01,144.93,41.89,0.30032,103.04,8095573,13824184,760121,108268989678
0.727,1.9806,0.2311,0.5321,150.6,1.117,0.0162,0.4455,0.377,0.2791,3.1788,0.01,142.61,37.13,0.26457,105.48,1003755,20403527,960943,100887315565
0.6835,1.7888,0.0003,0.6263,150.0,0.958,0.02,0.7094,0.3354,0.2932,0.7312,0.01,155.74,67.67,0.36728,88.07,8004927,11378207,847272,76917700858
0.3437,1.5132,-0.2981,0.5532,146.6,1.106,0.0067,0.3493,0.6516,0.3082,1.0104,0.01,143.5,38.49,0.02541,105.01,6925892,4791685,291822,123772634500
0.6913,1.4649,0.2855,0.567,231.8,0.906,0.0052,0.5985,0.7615,0.6513,2.5547,0.01,119.83,70.16,0.33814,49.67,4845525,21058333,416354,108056682791
0.2852,1.4248,-0.1488,0.581,226.1,1.125,0.0059,0.1112,0.3444,0.1071,2.3173,0.01,166.95,59.96,0.01337,106.99,10572044,17814065,959977,71176031409
0.2894,1.6026,-0.3424,0.5471,184.6,1.137,0.0076,0.2716,0.3849,0.4659,0.9867,0.01,112.45,60.03,0.4048,52.42,5145722,20510184,831976,233291071758
0.3629,1.7484,0.1422,0.5635,242.2,1.0,0.0177,0.1977,0.5292,0.6811,0.3608,0.01,153.72,79.62,0.18745,74.1,2614040,18096920,735891,185270501088
0.6474,1.49,-0.1057,0.7668,255.3,1.153,0.0123,0.4541,0.5079,0.4367,0.2913,0.01,115.57,55.47,0.0973,60.1,2881057,22654713,381254,203571529748
0.6855,2.2359,-0.0616,0.5658,247.3,1.132,0.01,0.7416,0.5413,0.3528,1.8459,0.01,133.77,39.08,0.42833,94.69,13495249,10276850,38972,163805052740
0.5047,2.4442,-0.2837,0.7567,144.7,1.161,0.0137,0.6276,0.5854,0.6833,0.8055,0.01,119.93,74.22,0.20551,45.71,5096840,21666508,103059,166748557577
0.5665,1.9436,-0.133,0.6472,172.5,0.937,0.0057,0.6613,0.0629,0.6776,1.6656,0.01,129.76,70.47,0.40745,59.29,9328400,20755648,257316,219058384917
0.6586,2.1093,0.0461,0.746,243.7,1.134,0.0067,0.2313,0.5147,0.6548,2.7215,0.01,163.54,41.02,0.32235,122.52,12270087,10762919,236793,153939159032
0.5322,1.9014,0.4299,0.6284,257.7,1.169,0.0108,0.6561,0.7474,0.5096,2.9223,0.01,107.23,47.03,0.13047,60.2,6174231,6736677,403879,22135273394
0.3546,2.9695,-0.0744,0.677,157.7,0.922,0.0172,0.4753,0.2385,0.0515,0.6721,0.01,141.53,73.73,0.23508,67.8,6660190,13049878,526685,206214179901
0.6657,1.212,0.4641,0.719,222.5,1.151,0.0134,0.2428,0.5462,0.7239,0.7072,0.01,111.38,54.5,0.34783,56.88,6264004,5527521,242663,172319707757
0.2939,2.6899,-0.3747,0.7846,247.4,0.979,0.0171,0.2866,0.4321,0.4741,0.8237,0.01,169.22,79.8,0.17694,89.42,11104760,22145293,474629,201390235878
0.3342,1.3954,-0.0145,0.5514,198.2,1.078,0.0158,0.3977,0.1564,0.0881,0.167,0.01,111.16,39.15,0.34742,72.01,6630729,10111071,400056,77346742095
0.4802,2.3237,0.3787,0.7211,208.5,1.046,0.016,0.4762,0.6842,0.6342,0.3229,0.01,117.51,56.0,0.41392,61.51,10438819,16592111,295623,73053772216
0.5081,2.0464,0.0343,0.555,219.9,1.181,0.0188,0.2083,0.2469,0.6077,0.9466,0.01,140.5,72.21,0.04592,68.29,10684250,13194470,843850,34492029904
0.615,1.5236,0.2337,0.7715,152.6,1.156,0.0174,0.1766,0.1883,0.5194,0.8767,0.01,161.07,56.65,0.49664,104.42,4495137,4393522,157317,66528474046
0.2884,2.4354,0.0954,0.6255,146.9,0.99,0.0099,0.4637,0.3433,0.0639,0.7217,0.01,156.69,54.71,0.12687,101.98,9000805,8527701,768689,17354702988
0.5562,1.806,-0.1424,0.7824,250.4,1.169,0.0159,0.4546,0.6858,0.4035,3.6275,0.01,114.3,51.08,0.33585,63.22,3540785,12396212,456337,94253573907
0.4624,1.1603,-0.3377,0.6076,184.7,1.122,0.0116,0.6799,0.2751,0.2368,1.4554,0.01,126.68,73.04,0.11783,53.64,9622100,21158468,348662,210233197594
0.3644,1.0434,0.1374,0.5519,175.7,1.012,0.0191,0.33,0.7424,0.7842,1.1095,0.01,165.88,44.91,0.49209,120.97,1026933,7374083,980196,247068795219
0.5606,2.7324,-0.0212,0.7201,238.7,1.109,0.0155,0.7671,0.6779,0.0076,0.8991,0.01,109.21,52.9,0.11681,56.31,9370577,15398188,937282,174985591194
0.6488,2.3932,-0.3084,0.5542,257.1,1.056,0.0148,0.6119,0.3995,0.2139,0.9195,0.01,108.52,41.28,0.13326,67.24,12832722,4140786,138555,99158259911
0.458,2.3514,-0.2615,0.5499,246.5,0.995,0.0122,0.1172,0.0051,0.381,1.6065,0.01,124.4,42.63,0.14666,81.77,9692388,14278753,690842,226591664065
0.3957,2.4926,-0.0771,0.7764,142.7,0.937,0.0051,0.6234,0.7586,0.2356,1.1058,0.01,134.24,68.74,0.39562,65.5,13359435,17797574,782438,117881980857
0.2653,1.2179,0.4211,0.7975,134.4,1.184,0.0117,0.6795,0.2709,0.7003,1.605,0.01,113.8,48.97,0.06958,64.83,10540193,21844651,324150,218362654442
0.2531,2.6051,0.4514,0.6173,146.4,0.964,0.0086,0.4897,0.0849,0.5923,0.8176,0.01,121.81,45.88,0.38373,75.93,7790575,22838813,394675,25926754071
0.6273,2.5275,0.2955,0.5462,174.9,1.118,0.0081,0.3306,0.754,0.0977,2.2073,0.01,122.04,65.97,0.31011,56.07,9339262,19825101,464247,72820791246
0.2711,2.7068,-0.2344,0.6988,174.8,0.947,0.0098,0.3109,0.2142,0.0032,0.4055,0.01,134.64,44.63,0.10968,90.01,13883597,13798588,61128,140571734413
0.5192,2.2178,-0.1129,0.611,215.1,1.093,0.0056,0.7397,0.6152,0.1906,2.5734,0.01,152.69,54.11,0.23553,98.58,13975323,22799304,386280,160746118248
0.4988,1.071,-0.4466,0.5449,171.8,1.2,0.0099,0.4957,0.6822,0.4932,0.5109,0.01,134.44,60.32,0.1898,74.12,8317507,9879432,115588,199018136639
0.5314,1.5416,0.4987,0.7018,237.6,0.913,0.0167,0.2198,0.1537,0.0895,4.4302,0.01,167.47,72.58,0.17815,94.89,7072567,7791021,591158,173320617839
0.6697,2.7133,0.2703,0.6788,151.7,0.936,0.0134,0.3011,0.0417,0.0874,3.5555,0.01,133.5,62.33,0.10061,71.17,11838478,11913709,412893,230607627718
0.3236,2.074,0.2774,0.501,153.7,1.168,0.0067,0.4445,0.4119,0.3403,1.678,0.01,151.68,39.03,0.15645,112.65,2961681,4051134,410390,119012557044
0.3575,1.8832,-0.2158,0.535,234.9,1.065,0.0134,0.7686,0.5118,0.3802,1.7795,0.01,114.37,50.01,0.46126,64.36,9058969,9686774,831629,123524068864
0.4235,1.6123,0.1431,0.5628,232.1,1.088,0.0078,0.6577,0.0843,0.5768,6.2833,0.01,138.56,78.32,0.07731,60.24,5805597,6389666,658263,197812491056
0.3653,2.471,0.3896,0.7103,163.7,1.198,0.0054,0.1108,0.6169,0.7075,1.0069,0.01,115.47,41.16,0.30146,74.31,10724630,22693337,720860,224097472712
0.4303,1.7707,0.0422,0.6159,242.6,1.169,0.0062,0.1641,0.6773,0.7337,4.2293,0.01,103.32,47.98,0.12336,55.34,11261658,22302511,969603,19193785901
0.4826,1.9116,0.3365,0.6968,263.3,1.174,0.0146,0.6891,0.3104,0.647,1.3128,0.01,118.0,44.1,0.39594,73.9,7168715,5566866,389839,99800422405
0.3752,1.0969,0.0945,0.6593,141.8,0.976,0.0085,0.4073,0.6854,0.7143,0.2665,0.01,143.89,74.91,0.13155,68.98,9701360,17679361,745297,135767102143
0.7064,2.3072,-0.1997,0.6343,230.3,0.902,0.015,0.2267,0.6426,0.5531,0.2322,0.01,163.08,78.26,0.11946,84.82,1556521,6191864,62838,28038683656
0.5114,1.7731,-0.2845,0.5879,177.0,1.052,0.0067,0.7703,0.6829,0.457,0.3454,0.01,104.38,51.05,0.23734,53.33,11489828,20977766,103701,77780928426
0.4838,2.2531,0.0339,0.7294,146.0,1.157,0.0156,0.2997,0.2595,0.124,0.854,0.01,147.41,59.09,0.49399,88.32,8961473,12198660,537188,20859189856
0.3952,1.585,0.2533,0.7754,233.3,1.077,0.0193,0.1433,0.6587,0.0536,1.4477,0.01,162.5,62.16,0.09671,100.34,12768168,6878557,710446,116100565578
0.3276,2.1779,-0.2828,0.5306,142.8,1.097,0.0146,0.2495,0.7147,0.6021,1.5653,0.01,148.72,45.06,0.18665,103.66,4198747,7071936,706707,106144143631
0.4184,1.6051,0.399,0.5232,167.8,1.186,0.0074,0.3608,0.687,0.7605,0.6387,0.01,112.08,63.79,0.42207,48.29,4500657,9091100,814809,153279803120
0.2554,1.7783,0.1297,0.5926,180.4,1.04,0.0098,0.2783,0.1763,0.428,1.3377,0.01,162.89,58.79,0.42887,104.1,3826205,4454640,272416,224257331711
0.4713,1.2105,0.1219,0.5171,262.9,1.135,0.01,0.1294,0.402,0.45,0.2953,0.01,157.23,71.04,0.44778,86.19,3839901,12861284,726471,229086454672
0.2762,1.9508,-0.3188,0.7874,165.4,0.908,0.0066,0.3992,0.3906,0.0376,1.9653,0.01,126.93,72.55,0.49832,54.38,7711413,7722066,56445,117489372784
0.6493,1.6362,0.3689,0.7604,264.0,1.115,0.0165,0.2361,0.5647,0.2968,0.7901,0.01,137.78,54.84,0.0681,82.94,9358838,8684753,280559,157465272210
0.5234,1.8985,-0.4021,0.7633,252.2,0.932,0.0193,0.7448,0.1632,0.2667,1.8281,0.01,144.72,47.6,0.32566,97.12,9312144,6111909,131368,70702748383
0.5514,1.4449,0.3262,0.5759,182.6,0.989,0.0082,0.4741,0.3964,0.1332,0.6567,0.01,169.33,62.93,0.27321,106.4,6089416,20601762,703055,174360182078
0.6707,2.8468,-0.2891,0.6812,172.9,1.191,0.0151,0.6933,0.4032,0.0159,0.5086,0.01,126.96,45.01,0.43674,81.95,1051659,15034389,923407,168266622027
0.3246,2.0997,-0.1918,0.5834,265.4,1.054,0.0138,0.2588,0.5941,0.6587,0.4726,0.01,137.66,79.74,0.26703,57.92,3424179,13122221,218601,117195452742
0.6077,1.7852,-0.3127,0.6459,192.0,1.138,0.0184,0.7218,0.6233,0.125,0.2141,0.01,122.82,40.2,0.20736,82.62,2776578,4269386,515734,55088847005
0.739,2.1851,-0.4245,0.7503,245.1,1.164,0.0182,0.244,0.7165,0.3257,0.6201,0.01,143.39,75.92,0.21249,67.47,4919461,19130234,445802,237463721161
0.5028,1.3357,-0.0044,0.561,162.9,1.17,0.0189,0.7695,0.483,0.2227,1.6311,0.01,153.4,42.34,0.23807,111.06,1106940,9711539,510907,188249787868
0.5245,2.3909,0.2768,0.5295,254.9,1.148,0.013,0.3755,0.7279,0.2722,0.9645,0.01,143.0,66.64,0.42116,76.36,1259497,5931750,649049,113104414851
0.6201,1.0787,-0.1525,0.6344,242.3,1.156,0.005,0.7326,0.3899,0.7145,2.1078,0.01,168.2,67.07,0.45249,101.13,2123712,22078868,374639,145347928194
0.4293,2.0925,0.0372,0.5027,224.2,1.09,0.0173,0.4514,0.1502,0.2463,0.8559,0.01,127.66,59.44,0.13733,68.22,11005865,14367422,65851,36501066910
0.3565,1.7575,0.1895,0.7855,184.5,1.062,0.0074,0.5281,0.4849,0.3334,2.3255,0.01,161.36,49.51,0.02459,111.85,6117909,10491724,801313,105986679170
0.435,1.9469,-0.4536,0.7517,236.2,1.032,0.0158,0.6731,0.2768,0.3714,1.2969,0.01,120.57,63.9,0.3684,56.67,8382244,11002620,128906,58264177721
0.659,1.8704,0.3845,0.7435,142.3,0.904,0.0157,0.3658,0.3492,0.7708,3.4331,0.01,153.86,36.15,0.02923,117.71,9789883,11976900,870798,159500886248
0.3865,1.7686,-0.4497,0.6382,142.0,1.129,0.0183,0.5172,0.286,0.3819,1.0656,0.01,159.73,51.12,0.05954,108.61,11308868,17244607,71920,24507112809
0.5555,1.3388,-0.0126,0.6679,161.7,1.175,0.0185,0.513,0.6265,0.7344,3.9448,0.01,113.16,62.96,0.08718,50.2,6456272,8885541,792177,118158689723
0.4933,1.0122,0.1513,0.5962,188.2,1.091,0.0097,0.3972,0.0199,0.5542,3.0212,0.01,116.14,35.44,0.03083,80.7,11618365,14911980,442087,15518479291
0.7398,1.6977,0.0999,0.6797,221.9,0.916,0.0198,0.5514,0.1666,0.5971,0.7879,0.01,127.98,67.6,0.14352,60.38,3217289,22006898,498923,146555232043
0.7161,1.4006,-0.1374,0.7239,259.1,1.086,0.0071,0.3158,0.4951,0.0571,0.2929,0.01,107.2,65.58,0.08463,41.62,8332337,17147461,310227,80646755922
0.4687,2.7038,0.2675,0.5032,128.8,0.961,0.0068,0.1303,0.3537,0.732,0.6864,0.01,114.47,55.11,0.13284,59.36,1506028,22598907,95445,74639544900
0.5275,1.5198,-0.0139,0.5939,206.3,1.104,0.0069,0.587,0.1713,0.6037,2.433,0.01,159.93,49.64,0.31294,110.29,13453105,18272146,296582,128279551038
0.6252,2.7373,-0.0493,0.5267,234.1,1.08,0.0114,0.1787,0.1187,0.4948,1.0999,0.01,124.08,46.33,0.24905,77.75,4927586,13503562,453999,119447834314
0.5705,1.6838,0.0441,0.5412,149.1,1.039,0.0179,0.5552,0.4987,0.1427,1.7137,0.01,118.36,56.29,0.447,62.07,2475422,8463085,666708,152281443536
0.2578,1.2424,0.3232,0.7936,133.9,1.197,0.0094,0.4137,0.3782,0.1123,9.2716,0.01,127.93,66.21,0.13779,61.72,4100355,15018967,18613,15205604448
0.5902,1.7426,-0.4516,0.6266,214.6,1.176,0.0096,0.1338,0.7206,0.719,0.2824,0.01,121.69,66.41,0.36586,55.28,10455940,11148051,234673,91357381065
0.4927,1.2304,0.136,0.5649,127.3,1.164,0.0163,0.5261,0.2039,0.2736,3.7286,0.01,155.06,53.4,0.35257,101.66,11960810,5342497,803328,45539165033
0.6215,2.7629,0.0417,0.7177,163.9,1.04,0.0164,0.7992,0.6795,0.2413,0.1127,0.01,136.84,68.16,0.16826,68.68,5183996,17897955,913785,185634531266
0.5399,1.2558,0.3943,0.7071,212.1,0.903,0.0197,0.5639,0.5987,0.5209,0.3039,0.01,151.35,53.48,0.26916,97.87,5043984,16277389,839063,158253503542
0.3419,2.3619,0.2225,0.6349,217.6,1.16,0.0195,0.6807,0.6605,0.193,8.9235,0.01,164.94,77.62,0.34145,87.32,4419200,11880290,807865,249620448356
0.4138,1.9249,0.1596,0.6565,258.1,1.13,0.014,0.5486,0.7569,0.4684,0.7693,0.01,140.37,74.46,0.30905,65.91,4466726,20276876,73353,194208113823
0.7247,2.2212,-0.4099,0.5679,200.7,1.147,0.0099,0.7361,0.6722,0.2363,0.5629,0.01,152.2,43.17,0.24409,109.03,1230568,22825431,909870,210545460137
0.6019,2.5165,0.048,0.6249,242.0,1.162,0.0148,0.442,0.7042,0.4428,0.5677,0.01,151.53,57.94,0.3399,93.59,3926573,9940603,854788,147756159088
0.5264,2.5812,0.2601,0.6011,265.0,0.942,0.0193,0.7211,0.7233,0.4372,3.3934,0.01,112.18,71.74,0.25004,40.44,11681735,15365389,623115,229695104138
0.4187,1.7981,0.3094,0.7498,137.1,0.953,0.0117,0.2948,0.133,0.7071,0.6426,0.01,152.62,70.2,0.34885,82.42,3508987,6222333,702019,100607905007
0.6291,2.6142,0.2574,0.6335,249.5,1.052,0.0166,0.1492,0.0961,0.5937,0.3555,0.01,154.79,66.07,0.04968,88.72,9073812,6034856,873260,212628581109
0.661,2.7221,0.3379,0.7417,208.8,1.146,0.0194,0.5101,0.5577,0.6345,0.4388,0.01,116.02,50.89,0.37749,65.13,11459135,11242998,549543,248228967570
0.4288,2.579,-0.4043,0.5455,189.3,1.004,0.0069,0.3291,0.4402,0.1879,0.7806,0.01,102.04,46.24,0.43945,55.8,12716233,19640933,31166,180185794746
0.6236,1.1862,-0.4908,0.6614,200.4,1.154,0.0165,0.4443,0.5817,0.5845,2.1229,0.01,143.68,70.88,0.05039,72.8,10511965,13101631,643165,16368348491
0.3942,1.5697,0.0017,0.7395,139.3,1.186,0.0053,0.7562,0.1053,0.3174,0.5376,0.01,156.06,75.25,0.45064,80.81,3579820,5949219,926193,111384942492
0.6781,2.8221,0.0715,0.7719,144.3,1.084,0.0138,0.7623,0.5876,0.2028,2.8208,0.01,131.6,74.6,0.30485,57.0,12312253,4590728,117977,128848876022
0.4831,2.5603,-0.0406,0.7804,211.9,0.928,0.009,0.5271,0.3119,0.0904,0.1975,0.01,116.65,54.79,0.10428,61.86,3711252,5601600,736820,87053195315
0.3919,2.0363,-0.2451,0.5477,228.1,1.056,0.0101,0.5475,0.2931,0.342,0.2027,0.01,135.33,64.84,0.10592,70.49,5527900,12307755,32100,41324689546
0.5335,2.3099,-0.4766,0.5993,194.3,0.992,0.0068,0.5705,0.1311,0.5525,0.28,0.01,140.12,48.54,0.03015,91.58,1244288,14041531,259888,198483397863
0.3847,1.0029,0.2236,0.7951,233.6,0.966,0.0163,0.6532,0.0648,0.0337,1.4002,0.01,109.94,59.01,0.18998,50.93,11115872,6021410,58382,169368625231
0.5126,2.9231,0.3033,0.6187,128.7,1.192,0.0072,0.5913,0.7688,0.5995,0.7519,0.01,130.05,73.86,0.49086,56.19,7230678,17304592,282852,8736428791
0.7462,2.5125,-0.4661,0.6627,125.6,1.156,0.0149,0.1548,0.7495,0.7766,3.3196,0.01,112.97,62.59,0.20847,50.38,5167618,19569160,561429,177186295833
0.4199,2.6505,-0.3913,0.5696,126.6,0.943,0.0164,0.1422,0.1636,0.1746,0.7496,0.01,107.95,57.58,0.15357,50.37,4240664,9575225,848038,157949185437
0.7422,1.5173,-0.1792,0.6903,211.4,1.124,0.0143,0.1409,0.7908,0.3304,0.4197,0.01,111.43,51.68,0.16886,59.75,5775142,14596717,478311,107673134072
0.3969,1.8351,-0.4341,0.6837,256.8,1.024,0.0183,0.1725,0.0782,0.5429,0.2339,0.01,120.15,51.39,0.25783,68.76,1572157,15932546,730800,119568444715
0.4895,2.288,-0.4102,0.6194,237.8,1.174,0.006,0.1488,0.1647,0.4818,0.617,0.01,156.94,79.36,0.38682,77.58,9182077,19595729,939072,89434013505
0.5656,2.3951,-0.2943,0.5224,148.0,1.096,0.0116,0.2555,0.1411,0.7885,1.4941,0.01,137.5,39.19,0.28721,98.31,1279229,17511503,768231,200578431495
0.4515,1.4886,0.3581,0.5366,245.5,1.174,0.0174,0.1562,0.6045,0.4087,1.9854,0.01,161.91,61.48,0.48716,100.43,13785422,8323786,197002,167828692625
0.7097,1.506,-0.0895,0.5052,139.0,0.921,0.0051,0.7757,0.5496,0.5547,0.847,0.01,131.46,49.14,0.3318,82.32,6202111,22344797,22822,164945992624
0.3356,1.2757,0.4158,0.5495,201.8,0.97,0.0088,0.7231,0.5891,0.5293,2.2262,0.01,123.94,50.58,0.01137,73.36,8663845,9278877,497372,197075736399
0.3914,1.1522,-0.28,0.7891,251.4,1.025,0.0134,0.2539,0.6593,0.5866,1.8052,0.01,113.16,63.8,0.28278,49.36,12424032,20727749,908767,24422229416
0.5575,1.6226,0.4188,0.6432,152.1,0.929,0.0106,0.3909,0.6023,0.3238,1.9815,0.01,123.48,43.13,0.13956,80.35,6942446,7200662,557583,90051264784
0.46,1.6719,0.2911,0.6227,223.1,0.963,0.0068,0.5584,0.556,0.227,1.0152,0.01,106.52,54.75,0.03114,51.77,7417710,7449052,732225,214522571544
0.2588,2.0449,-0.3558,0.7158,233.5,1.127,0.0073,0.2722,0.3267,0.2077,8.3107,0.01,127.36,60.61,0.1921,66.75,5652512,10709813,589285,174535572733
0.3286,2.2975,-0.3044,0.751,230.8,1.167,0.0154,0.3375,0.3804,0.6405,0.744,0.01,117.07,37.01,0.49956,80.06,13241528,20026135,780920,113239816890
0.2621,2.6103,0.1533,0.7144,164.3,0.932,0.0109,0.2447,0.3563,0.2695,0.1045,0.01,158.06,44.37,0.43423,113.69,6804522,18745409,456864,232136020402
0.2535,2.9159,0.3907,0.5813,156.5,1.033,0.013,0.2889,0.0179,0.1054,0.8501,0.01,146.38,46.99,0.06436,99.39,12560756,16511425,711015,206944179632
0.5832,2.5155,0.3536,0.5038,139.2,1.023,0.0074,0.6282,0.4318,0.7321,0.1568,0.01,169.7,76.98,0.34187,92.72,5823346,4725568,87358,187917653397
0.338,2.0758,0.3066,0.6572,207.0,1.14,0.0166,0.527,0.5636,0.4349,1.2702,0.01,150.39,69.81,0.14255,80.58,13768116,8744171,755706,78650870612
0.2704,1.5929,0.4204,0.7031,217.8,0.918,0.0054,0.5884,0.1174,0.6799,3.1394,0.01,139.26,50.71,0.12255,88.55,2205008,21072531,794751,55991954841
0.6429,1.2365,0.2258,0.6705,261.2,0.902,0.0187,0.7773,0.2004,0.7371,5.0121,0.01,149.85,60.08,0.0823,89.77,2601339,17846123,524062,69676087967
0.2927,2.8409,0.2944,0.7376,252.5,0.915,0.0116,0.3838,0.2042,0.5906,1.2557,0.01,138.4,68.87,0.11925,69.53,9024045,18823952,890702,187373437889
0.6346,1.3631,0.1564,0.632,253.2,1.098,0.0122,0.1651,0.4099,0.0609,2.2089,0.01,150.78,44.68,0.48246,106.1,9594103,21635786,217513,65931336116
0.4726,1.9492,-0.1224,0.5351,174.5,1.068,0.0179,0.4027,0.7194,0.1716,0.2279,0.01,146.7,76.57,0.24785,70.13,5864868,7129441,13164,248705278712
0.6074,1.2987,0.1967,0.7139,213.5,1.057,0.0185,0.1611,0.4513,0.6491,1.4373,0.01,168.03,44.24,0.23171,123.79,3589522,10686351,124796,95938564866
0.4697,2.6646,0.2201,0.6643,232.6,0.996,0.0122,0.2794,0.5966,0.6842,2.0709,0.01,145.38,56.56,0.18864,88.82,8723697,19981226,585238,179423489137
0.4336,2.9675,-0.2494,0.7031,145.0,0.941,0.0057,0.5525,0.1596,0.353,2.1709,0.01,113.07,40.44,0.01265,72.63,12410271,15549530,462924,235123528258
0.5795,1.4475,0.3329,0.5735,244.3,1.118,0.0079,0.4854,0.4224,0.7223,0.347,0.01,126.26,54.46,0.10221,71.8,13298838,16102924,645438,32212106368
0.2573,1.267,0.3769,0.7321,124.3,0.916,0.0174,0.5302,0.1894,0.574,0.2256,0.01,143.75,64.5,0.45424,79.25,5924414,12583710,787491,210068414565
0.4454,1.3819,-0.3636,0.666,150.2,1.067,0.0065,0.6842,0.7727,0.6281,2.6068,0.01,118.45,71.12,0.20815,47.33,10820005,10158085,608353,197343228532
0.5121,2.4381,0.44,0.511,177.4,1.07,0.0121,0.498,0.3389,0.534,1.3224,0.01,145.87,57.74,0.32025,88.13,12201248,19614965,126503,14784679316
0.4393,2.1017,-0.4133,0.7563,229.4,1.015,0.0072,0.411,0.5752,0.6426,1.1197,0.01,138.81,79.53,0.18553,59.28,5489916,19764727,365954,202897970332
0.4282,1.7229,0.3144,0.6038,207.6,0.995,0.0176,0.3665,0.7763,0.1825,6.4372,0.01,133.83,78.18,0.31459,55.65,1615310,20766348,114064,175235597184
0.7364,2.5233,-0.4066,0.562,188.5,1.154,0.0063,0.6985,0.784,0.6864,0.5281,0.01,103.7,61.84,0.09272,41.86,7452645,7986394,231655,236157470466
0.397,1.8523,0.1153,0.657,214.1,1.127,0.0142,0.647,0.3878,0.3585,0.7404,0.01,138.61,47.91,0.27873,90.7,9858215,12238102,214347,34929979693
0.6298,1.718,-0.349,0.7347,261.8,0.989,0.0183,0.6445,0.0434,0.4882,0.7756,0.01,151.66,75.7,0.35644,75.96,8425312,16896884,292343,79770146038
0.3896,2.3969,0.3018,0.524,163.3,1.087,0.0114,0.1181,0.3283,0.1869,0.5807,0.01,126.44,40.73,0.25153,85.71,10746405,15722426,385392,219339120186
0.7326,2.2724,-0.247,0.5094,259.4,1.016,0.0183,0.1922,0.486,0.0355,1.2524,0.01,100.14,57.66,0.34922,42.48,1025327,7044638,793733,118685391837
0.4134,1.7337,0.3758,0.5685,260.4,0.908,0.006,0.4237,0.1535,0.6398,6.0826,0.01,146.11,51.55,0.31864,94.56,11942788,19392676,248296,232938923206
0.3214,1.3867,-0.4804,0.6603,185.7,1.182,0.0102,0.3043,0.0996,0.0409,0.7142,0.01,117.46,69.14,0.48995,48.32,11070980,16536140,49286,169789846498
0.3638,2.5748,0.4816,0.7439,181.2,0.922,0.0121,0.6392,0.0886,0.2308,2.2151,0.01,137.34,42.0,0.44201,95.34,11930939,9958076,240789,22781078349
0.4759,1.4711,-0.1542,0.5218,258.2,0.917,0.0158,0.3044,0.1796,0.3077,0.8126,0.01,147.13,42.56,0.15893,104.57,13178235,8105741,404129,36723893448
0.5052,2.9092,-0.124,0.725,161.0,1.183,0.0184,0.1242,0.2416,0.7725,0.8111,0.01,116.87,74.72,0.16961,42.15,4623874,5645024,336491,19604752992
0.2848,2.2,-0.003,0.6652,192.6,1.054,0.0052,0.5941,0.6281,0.5959,0.6476,0.01,118.55,73.33,0.40633,45.22,4180060,20804059,897674,187157569634
0.2697,1.9754,-0.3398,0.682,155.6,0.959,0.0112,0.3553,0.0712,0.7898,1.4714,0.01,108.82,59.82,0.49582,49.0,2530149,4316429,518077,35946569520
0.6729,2.7501,-0.1285,0.6015,125.9,1.06,0.0076,0.6712,0.4175,0.7907,1.8143,0.01,135.16,44.77,0.084,90.39,6533814,13565141,565115,31773039682
0.7282,2.8575,0.0554,0.7883,166.6,1.001,0.0163,0.3395,0.5595,0.0364,2.1409,0.01,122.7,41.49,0.26584,81.21,8101408,19253751,93729,133970647945
0.686,1.7918,-0.251,0.5694,154.7,1.08,0.0185,0.2942,0.6379,0.5659,0.86,0.01,129.0,74.61,0.16757,54.39,13529602,15797203,651175,219393594524
0.6959,1.1967,-0.0975,0.7576,260.2,1.004,0.0124,0.3748,0.0298,0.5849,2.5,0.01,124.3,54.25,0.13496,70.05,6686003,13492753,17881,147308133593
0.5389,2.6711,0.2367,0.5645,148.6,1.069,0.0129,0.318,0.2742,0.2958,1.1795,0.01,162.32,50.22,0.28641,112.1,6770801,9176692,795316,87573068760
0.2667,1.4083,-0.0712,0.56,123.5,0.958,0.0137,0.6669,0.7116,0.7286,1.2255,0.01,126.36,64.27,0.01363,62.09,6898108,5785100,569325,191818503544
0.3983,1.2855,-0.4126,0.6312,263.2,0.934,0.011,0.592,0.097,0.2495,0.3829,0.01,153.01,54.62,0.412,98.39,6305517,11709363,19332,248861713686
0.2634,1.5434,0.4809,0.5477,218.7,0.962,0.016,0.4023,0.6203,0.1346,2.6029,0.01,130.7,48.62,0.11165,82.08,10476209,18380091,240342,127122167359
0.2592,1.194,-0.1688,0.653,199.4,1.114,0.0116,0.6781,0.0393,0.4257,2.0239,0.01,122.64,43.98,0.39999,78.66,13747293,6817050,260601,178130715537
0.3888,2.8698,0.0144,0.6938,262.2,0.959,0.0142,0.3929,0.3149,0.2622,0.6379,0.01,136.78,58.19,0.2509,78.59,12856101,13713667,513066,96464734975
0.4097,1.8488,-0.259,0.6027,258.8,0.94,0.0062,0.6649,0.1827,0.332,1.9369,0.01,131.72,56.41,0.19728,75.31,4851507,17227766,168465,114776524607
0.7184,2.0871,0.2148,0.5828,179.4,1.141,0.0125,0.7161,0.6255,0.6503,3.2894,0.01,114.65,70.76,0.08956,43.89,2785702,22952216,24997,126694179617
0.6048,2.9654,0.1111,0.7598,254.7,0.997,0.0084,0.2614,0.1582,0.7824,0.5515,0.01,155.22,61.09,0.14039,94.13,1327344,19621812,127848,50436512270
0.5944,2.0566,-0.1169,0.6439,212.5,1.144,0.0182,0.6201,0.4239,0.0852,0.5167,0.01,134.06,48.87,0.11842,85.19,9037775,21408619,566443,213572622712
0.4368,2.5861,0.1725,0.77,265.2,0.938,0.0061,0.188,0.4972,0.3497,4.0682,0.01,121.33,59.7,0.26779,61.63,11314544,4805996,735504,15754084063
0.3274,2.1928,0.4043,0.5959,164.7,0.994,0.0083,0.6676,0.522,0.0401,2.5785,0.01,131.46,44.89,0.18349,86.57,2400685,10503230,219092,204451784632
0.6275,1.8435,0.4065,0.5758,219.4,1.088,0.0093,0.6353,0.1945,0.1722,0.6986,0.01,136.74,46.06,0.47451,90.68,11748254,9221410,962522,57419886174
0.4258,1.3765,-0.3976,0.7599,231.3,1.07,0.0199,0.1236,0.6956,0.5764,0.1632,0.01,136.53,40.97,0.38473,95.56,4781828,11225377,411692,47854036076
0.3994,1.4949,0.4,0.5139,208.4,0.988,0.0109,0.3761,0.7015,0.4987,0.5882,0.01,154.28,36.04,0.34236,118.24,1827976,17296195,351466,171386697934
0.7466,2.3263,0.25,0.7871,145.2,1.12,0.018,0.417,0.7268,0.4582,0.5951,0.01,100.61,58.23,0.08977,42.38,4751140,8222725,189720,112864452720
0.7215,1.2293,-0.2259,0.5755,193.1,1.172,0.0069,0.2937,0.7383,0.2646,0.1906,0.01,150.63,70.7,0.32237,79.93,7197598,9409715,958491,113879885900
0.3544,1.142,0.1076,0.5616,268.1,0.968,0.0101,0.7268,0.2924,0.7047,0.2161,0.01,139.54,75.3,0.37682,64.24,8228154,5817789,268302,31239568237
0.6111,1.8677,-0.1386,0.6809,136.4,0.905,0.0133,0.2987,0.746,0.259,3.1096,0.01,124.17,49.56,0.30112,74.61,12660241,14434989,109483,53574112252
0.4857,2.3309,-0.351,0.7472,204.3,0.934,0.0176,0.2251,0.1113,0.2473,1.2843,0.01,151.32,68.7,0.0795,82.62,9740393,9840018,501100,137014413694
0.7457,1.8196,0.1106,0.7107,191.3,0.997,0.0066,0.1366,0.3338,0.4809,0.604,0.01,106.61,60.08,0.22334,46.53,1940151,8411461,299285,23161613242
0.6531,1.3679,0.0262,0.7535,200.0,1.066,0.0073,0.797,0.1179,0.5447,0.9162,0.01,102.63,55.9,0.15158,46.73,8023842,21345513,14200,152809274579
0.6088,2.1654,-0.1341,0.6856,121.4,1.061,0.011,0.7249,0.1067,0.0466,2.9867,0.01,129.57,39.55,0.05441,90.02,9214895,19279114,804046,113622036100
0.3157,2.0888,-0.2522,0.6973,199.9,0.932,0.0053,0.4988,0.6093,0.1032,4.3692,0.01,125.08,37.9,0.43942,87.18,10041177,17871371,652549,110000924581
0.4255,2.5019,-0.0172,0.6086,212.3,0.936,0.0168,0.7529,0.2291,0.0161,1.0943,0.01,144.96,53.63,0.01197,91.33,13592463,17115735,966121,34137080737
0.3582,2.6575,0.1734,0.6399,161.5,0.935,0.0116,0.458,0.4272,0.3898,1.0663,0.01,152.77,77.1,0.46137,75.67,5601697,10305083,610373,94564299114
0.6106,2.6338,0.1579,0.7232,171.6,1.031,0.0068,0.4222,0.103,0.3095,0.996,0.01,154.45,73.45,0.31402,81.0,1264564,17095211,309559,87852541756
0.66,2.7546,-0.3245,0.7289,173.7,0.98,0.0132,0.7144,0.0487,0.441,0.2063,0.01,134.74,38.65,0.10154,96.09,4678797,5972074,255211,103427695734
0.5365,2.4996,0.1095,0.5918,156.0,0.907,0.0077,0.4809,0.5166,0.4895,4.9604,0.01,143.92,52.7,0.49687,91.22,9878738,19786008,887471,244258010744
0.2608,2.7592,-0.2265,0.7101,126.8,0.992,0.0063,0.4408,0.7403,0.0236,2.793,0.01,133.59,47.61,0.0454,85.98,2651836,8924835,688578,14742573808
0.4524,2.7754,-0.1814,0.7036,263.6,1.021,0.0131,0.7041,0.1289,0.1005,0.402,0.01,147.06,72.2,0.24452,74.86,3332667,17545830,344193,141041167153
0.4584,1.8903,-0.1256,0.6473,228.2,1.024,0.0188,0.5319,0.1268,0.3481,5.852,0.01,130.5,68.47,0.17754,62.03,4309438,4925683,358791,86256650494
0.3844,1.0506,-0.2628,0.7413,165.0,1.184,0.0106,0.5538,0.6812,0.4079,0.6133,0.01,104.34,64.12,0.20139,40.22,1588009,19055073,314387,243431446544
0.3126,1.3181,-0.3077,0.6465,132.9,0.942,0.0119,0.2102,0.0581,0.3927,0.4466,0.01,110.59,67.69,0.21619,42.9,11195602,18638645,188922,35351334385
0.6806,1.1322,0.2909,0.6437,232.0,1.08,0.0156,0.6434,0.7062,0.1026,1.4073,0.01,114.54,73.98,0.14658,40.56,10958837,6534137,305539,241830116017
0.4947,2.8248,-0.4982,0.5751,197.5,0.95,0.0162,0.7891,0.1921,0.672,0.4487,0.01,112.75,43.95,0.40932,68.8,1813621,4637067,977933,120131115648
0.6002,2.4548,0.2438,0.6999,175.6,1.099,0.0138,0.2396,0.0685,0.1968,1.1832,0.01,167.79,66.47,0.19911,101.32,6841087,22049241,213153,105346235972
0.3079,2.7684,-0.0548,0.6268,251.2,0.97,0.0064,0.7593,0.4394,0.7984,5.6131,0.01,111.92,42.49,0.47822,69.43,12353127,5051788,78654,95304224673
0.5924,1.7319,0.325,0.676,142.6,1.076,0.0074,0.6505,0.4569,0.7034,0.3433,0.01,141.13,71.61,0.10705,69.52,4133532,8398341,727025,19950575813
0.2717,2.1709,-0.2309,0.6894,262.7,1.001,0.0177,0.5781,0.3373,0.4609,1.3038,0.01,103.47,56.77,0.27734,46.7,13229929,18111617,892660,57233519403
0.6283,2.1521,0.331,0.6112,258.4,1.089,0.0064,0.7456,0.3797,0.3272,4.5236,0.01,101.63,55.74,0.35639,45.89,4440232,6557572,985542,122371566720
0.673,1.2533,0.4584,0.704,170.9,0.938,0.0115,0.7778,0.6752,0.007,0.8621,0.01,164.96,61.54,0.16539,103.42,13209544,17614687,197401,223007209477
0.4636,2.7119,-0.2436,0.604,133.3,1.193,0.0056,0.3419,0.1325,0.3021,0.4977,0.01,148.29,67.17,0.06678,81.12,13434890,10953464,695401,154660478451
0.4274,2.9991,0.2387,0.6554,235.0,1.074,0.0178,0.1183,0.3319,0.7925,1.367,0.01,157.15,47.06,0.45114,110.09,1884660,14025842,171802,23704454819
0.666,2.7453,-0.2965,0.784,209.5,1.153,0.0117,0.3502,0.7601,0.6638,0.2905,0.01,128.36,76.31,0.0333,52.05,5541939,20179126,209613,152507503488
0.5539,2.6187,-0.2246,0.5473,269.4,1.125,0.0188,0.1623,0.2434,0.0017,6.2332,0.01,105.93,45.39,0.39509,60.54,9123550,21534722,300071,166550808493
0.2562,1.8955,-0.175,0.58,175.4,1.163,0.0057,0.7312,0.3949,0.2567,1.1674,0.01,138.23,79.19,0.30578,59.04,11711975,5121894,156500,86116283571
0.3057,2.5394,0.4115,0.7938,150.8,0.915,0.0137,0.6304,0.0736,0.7246,1.2302,0.01,115.48,53.85,0.42944,61.63,10701673,14641623,281544,237980338942
0.4322,1.9184,-0.3266,0.6638,129.8,0.926,0.0076,0.452,0.753,0.0996,0.8695,0.01,163.74,79.84,0.11451,83.9,3990332,22505253,344633,84067597853
0.4535,1.7379,-0.2676,0.5165,227.3,1.134,0.0107,0.4994,0.7255,0.3424,0.2546,0.01,117.32,43.53,0.21202,73.79,9671924,4546159,826609,68803814387
0.6568,2.8747,0.3876,0.7917,136.8,1.15,0.0123,0.4106,0.5451,0.5979,4.7088,0.01,126.78,42.17,0.23434,84.61,13603294,10393060,94225,21186320340
0.6621,2.8629,0.2189,0.5405,169.3,1.105,0.011,0.3743,0.3651,0.256,1.2033,0.01,168.92,75.93,0.47043,92.99,10407956,14822399,315778,91031267688
0.665,2.2782,0.2814,0.7312,215.5,0.914,0.014,0.3265,0.0222,0.0762,1.5411,0.01,108.47,61.92,0.05326,46.55,11541136,7898604,430052,141979126161
0.565,2.1165,-0.1442,0.5865,186.1,1.133,0.0143,0.4535,0.1205,0.6291,1.7387,0.01,119.01,37.41,0.37183,81.6,10199133,18617299,999195,234233860329
0.3831,1.4406,0.1911,0.7704,196.4,1.102,0.016,0.3348,0.2188,0.4871,2.2343,0.01,119.88,35.44,0.35334,84.44,7973889,9133422,230264,34343689188
0.5789,1.6817,-0.4219,0.6793,267.7,0.929,0.0144,0.6993,0.3472,0.6105,3.99,0.01,150.04,78.05,0.07039,71.99,8281749,9559659,938228,157828906543
0.4879,2.5977,-0.292,0.5436,230.1,0.911,0.008,0.6759,0.525,0.3618,2.2476,0.01,132.71,77.49,0.32575,55.22,1747257,16054648,827086,217090387939
0.4682,2.5707,0.3644,0.6633,154.8,1.2,0.0176,0.262,0.7742,0.341,2.7489,0.01,163.52,50.82,0.13136,112.7,12346168,4230530,502677,93769724749
0.5327,1.7209,-0.4088,0.5273,193.9,0.901,0.007,0.7131,0.014,0.4754,2.3651,0.01,158.59,36.64,0.48985,121.95,10136304,18220359,176779,242508638573
0.7308,1.7927,0.2005,0.7494,123.9,1.137,0.0058,0.5439,0.5861,0.0776,2.1964,0.01,142.66,64.64,0.09759,78.02,4638195,8029711,663864,105758575420
0.5494,2.5338,-0.1391,0.7984,246.3,1.032,0.0071,0.6129,0.3571,0.1662,1.1215,0.01,159.8,72.76,0.3378,87.04,12589368,10535316,989608,110696957432
0.3657,2.892,0.4979,0.5899,208.0,1.083,0.0109,0.3847,0.694,0.3966,9.5073,0.01,157.59,65.74,0.26458,91.85,11798545,8072667,638157,7949347974
0.5716,2.1282,0.3968,0.551,240.3,0.975,0.0118,0.3868,0.1726,0.2708,0.9258,0.01,139.87,54.77,0.13568,85.1,12829050,12945473,885961,215346182916
0.7446,1.6425,-0.2332,0.6133,235.6,0.968,0.0088,0.1101,0.2503,0.0827,0.6833,0.01,166.85,41.22,0.41367,125.63,5196688,13274247,932472,216443855059
0.3691,1.6683,-0.1616,0.5724,169.1,1.051,0.0147,0.2892,0.4565,0.4562,0.6658,0.01,123.67,52.18,0.36256,71.49,5746615,8915389,681789,41029956589
0.3426,2.8553,0.0581,0.6944,168.5,0.921,0.0188,0.1941,0.4509,0.2437,0.1177,0.01,108.28,49.93,0.19059,58.35,7175723,18730417,752432,96279818350
0.6179,1.7463,-0.354,0.5433,181.6,1.115,0.0143,0.7503,0.3622,0.5318,0.5357,0.01,116.44,48.5,0.24387,67.94,12375142,7877009,853375,60849779945
0.5596,2.3049,0.1088,0.6595,205.1,1.008,0.0115,0.2391,0.322,0.4095,0.1607,0.01,160.7,63.3,0.12558,97.4,7495898,13022535,53862,148602454847
0.2905,1.5158,0.4875,0.7316,153.2,1.111,0.0146,0.6864,0.5736,0.7497,0.5538,0.01,143.45,58.93,0.28347,84.52,12682517,19046283,177807,24943565209
0.332,2.2921,-0.2977,0.6674,257.4,0.965,0.0065,0.1646,0.2649,0.5561,0.2699,0.01,162.64,69.69,0.42596,92.95,7221383,18304276,138746,167587769244
0.4215,2.076,0.4172,0.6625,264.5,0.958,0.0169,0.7191,0.2703,0.665,2.9922,0.01,146.38,48.13,0.29364,98.25,4074215,9050257,675204,202322839006
0.321,2.1456,0.1755,0.5934,253.5,1.055,0.0086,0.2909,0.3094,0.7738,0.1432,0.01,118.28,60.85,0.44352,57.43,11048288,4301351,420361,35758608828
0.3609,1.3542,0.3554,0.5741,151.8,1.003,0.019,0.1692,0.4539,0.2169,2.8922,0.01,122.25,62.92,0.16172,59.33,2909865,21205621,495515,162220083161
0.4242,1.1562,0.3705,0.6979,234.2,1.048,0.0106,0.5452,0.5766,0.484,1.1115,0.01,109.82,40.03,0.02399,69.79,5961163,8102635,350342,188407579039
0.7496,1.6596,0.2612,0.6718,130.4,1.084,0.0118,0.5006,0.3518,0.4437,0.3487,0.01,127.31,57.5,0.40301,69.81,13038124,17737071,142680,95835190008
0.3568,2.1873,-0.2351,0.7081,141.2,1.075,0.0096,0.5228,0.2318,0.717,3.9411,0.01,169.53,51.17,0.25314,118.36,13933951,20884852,199845,85971567242
0.4723,1.8105,0.1659,0.6247,192.7,1.003,0.0058,0.2481,0.7346,0.181,5.2962,0.01,155.63,70.19,0.0295,85.44,12451762,22326389,505654,124082174046
